{
  "strategy_name": "HybridAlligatorATRRelaxedStrategy",
  "params": {
    "trailing": {
      "trailing_stop": false,
      "trailing_stop_positive": null,
      "trailing_stop_positive_offset": 0.0,
      "trailing_only_offset_is_reached": false
    },
    "max_open_trades": {
      "max_open_trades": 3
    },
    "buy": {
      "atr_period": 17,
      "donchian_period": 10,
      "ema_fast_period": 13,
      "ema_slow_period": 95,
      "high_lookback": 4,
      "vol_multiplier": 2.537,
      "volat_threshold": 0.006
    },
    "sell": {
      "exit_fast_ema": 15,
      "exit_slow_ema": 12,
      "sl_atr_multiplier": 1.424
    },
    "protection": {},
    "roi": {
      "0": 0.228,
      "19": 0.045,
      "69": 0.029,
      "165": 0
    },
    "stoploss": {
      "stoploss": -0.301
    }
  },
  "ft_stratparam_v": 1,
  "export_time": "2025-06-25 04:46:05.977394+00:00"
}