{"max_open_trades":3,"stake_currency":"USDT","stake_amount":"unlimited","dry_run":true,"timeframe":"5m","pairlists":[{"method":"StaticPairList","pairs":["BTC/USDT","ETH/USDT","ADA/USDT"]}],"exchange":{"name":"binance","key":"REDACTED","secret":"REDACTED","ccxt_config":{},"ccxt_async_config":{},"pair_whitelist":["BTC/USDT","ETH/USDT","ADA/USDT"],"pair_blacklist":[]},"entry_pricing":{"price_side":"ask"},"exit_pricing":{"price_side":"bid","use_order_book":false,"fallback":"mid"},"strategy":"HybridAlligatorATRStrategy","bot_name":"freqtrade_bot","initial_state":"running","force_entry_enable":false,"config_files":["user_data/config.json"],"internals":{}}