{"strategy":{"HybridAlligatorATRRelaxedStrategy":{"trades":[{"pair":"ADA/USDT","stake_amount":329.96053,"max_stake_amount":329.96053,"amount":467.3,"open_date":"2025-05-01 15:00:00+00:00","close_date":"2025-05-01 16:00:00+00:00","open_rate":0.7061,"close_rate":0.7015,"fee_open":0.001,"fee_close":0.001,"trade_duration":60,"profit_ratio":-0.008499643678796773,"profit_abs":-2.80735148,"exit_reason":"exit_signal","initial_stop_loss_abs":0.5437,"initial_stop_loss_ratio":-0.23,"stop_loss_abs":0.5467,"stop_loss_ratio":-0.23,"min_rate":0.7003,"max_rate":0.71,"is_open":false,"enter_tag":"","leverage":1.0,"is_short":false,"open_timestamp":1746111600000,"close_timestamp":1746115200000,"orders":[{"amount":467.3,"safe_price":0.7061,"ft_order_side":"buy","order_filled_timestamp":1746111600000,"ft_is_entry":true,"ft_order_tag":"","cost":330.29049052999994},{"amount":467.3,"safe_price":0.7015,"ft_order_side":"sell","order_filled_timestamp":1746115200000,"ft_is_entry":false,"ft_order_tag":"exit_signal","cost":328.13876094999995}]},{"pair":"ETH/USDT","stake_amount":329.973315,"max_stake_amount":329.973315,"amount":0.1785,"open_date":"2025-05-01 15:00:00+00:00","close_date":"2025-05-01 16:10:00+00:00","open_rate":1848.59,"close_rate":1861.19,"fee_open":0.001,"fee_close":0.001,"trade_duration":70,"profit_ratio":0.004804385321428041,"profit_abs":1.58690427,"exit_reason":"exit_signal","initial_stop_loss_abs":1423.42,"initial_stop_loss_ratio":-0.23,"stop_loss_abs":1442.35,"stop_loss_ratio":-0.23,"min_rate":1844.65,"max_rate":1873.17,"is_open":false,"enter_tag":"","leverage":1.0,"is_short":false,"open_timestamp":1746111600000,"close_timestamp":1746115800000,"orders":[{"amount":0.1785,"safe_price":1848.59,"ft_order_side":"buy","order_filled_timestamp":1746111600000,"ft_is_entry":true,"ft_order_tag":"","cost":330.3032883149999},{"amount":0.1785,"safe_price":1861.19,"ft_order_side":"sell","order_filled_timestamp":1746115800000,"ft_is_entry":false,"ft_order_tag":"exit_signal","cost":332.554637415}]},{"pair":"ADA/USDT","stake_amount":329.5327,"max_stake_amount":329.5327,"amount":466.1,"open_date":"2025-05-01 16:35:00+00:00","close_date":"2025-05-01 17:50:00+00:00","open_rate":0.707,"close_rate":0.7039,"fee_open":0.001,"fee_close":0.001,"trade_duration":75,"profit_ratio":-0.0063739654970206595,"profit_abs":-2.10253049,"exit_reason":"exit_signal","initial_stop_loss_abs":0.5444,"initial_stop_loss_ratio":-0.23,"stop_loss_abs":0.5465,"stop_loss_ratio":-0.23,"min_rate":0.7029,"max_rate":0.7097,"is_open":false,"enter_tag":"","leverage":1.0,"is_short":false,"open_timestamp":1746117300000,"close_timestamp":1746121800000,"orders":[{"amount":466.1,"safe_price":0.707,"ft_order_side":"buy","order_filled_timestamp":1746117300000,"ft_is_entry":true,"ft_order_tag":"","cost":329.86223269999994},{"amount":466.1,"safe_price":0.7039,"ft_order_side":"sell","order_filled_timestamp":1746121800000,"ft_is_entry":false,"ft_order_tag":"exit_signal","cost":328.41587778999997}]},{"pair":"ADA/USDT","stake_amount":328.85333,"max_stake_amount":328.85333,"amount":459.1,"open_date":"2025-05-02 02:50:00+00:00","close_date":"2025-05-02 03:45:00+00:00","open_rate":0.7163,"close_rate":0.716,"fee_open":0.001,"fee_close":0.001,"trade_duration":55,"profit_ratio":-0.0024159841275574905,"profit_abs":-0.79529893,"exit_reason":"exit_signal","initial_stop_loss_abs":0.5516,"initial_stop_loss_ratio":-0.23,"stop_loss_abs":0.5587,"stop_loss_ratio":-0.23,"min_rate":0.7151,"max_rate":0.7255,"is_open":false,"enter_tag":"","leverage":1.0,"is_short":false,"open_timestamp":1746154200000,"close_timestamp":1746157500000,"orders":[{"amount":459.1,"safe_price":0.7163,"ft_order_side":"buy","order_filled_timestamp":1746154200000,"ft_is_entry":true,"ft_order_tag":"","cost":329.18218333},{"amount":459.1,"safe_price":0.716,"ft_order_side":"sell","order_filled_timestamp":1746157500000,"ft_is_entry":false,"ft_order_tag":"exit_signal","cost":329.04431559999995}]},{"pair":"ADA/USDT","stake_amount":328.57124,"max_stake_amount":328.57124,"amount":460.7,"open_date":"2025-05-02 13:00:00+00:00","close_date":"2025-05-02 13:55:00+00:00","open_rate":0.7132,"close_rate":0.708,"fee_open":0.001,"fee_close":0.001,"trade_duration":55,"profit_ratio":-0.009274516846025538,"profit_abs":-3.05038684,"exit_reason":"exit_signal","initial_stop_loss_abs":0.5492,"initial_stop_loss_ratio":-0.23,"stop_loss_abs":0.5511,"stop_loss_ratio":-0.23,"min_rate":0.7068,"max_rate":0.7157,"is_open":false,"enter_tag":"","leverage":1.0,"is_short":false,"open_timestamp":1746190800000,"close_timestamp":1746194100000,"orders":[{"amount":460.7,"safe_price":0.7132,"ft_order_side":"buy","order_filled_timestamp":1746190800000,"ft_is_entry":true,"ft_order_tag":"","cost":328.89981123999996},{"amount":460.7,"safe_price":0.708,"ft_order_side":"sell","order_filled_timestamp":1746194100000,"ft_is_entry":false,"ft_order_tag":"exit_signal","cost":326.5017755999999}]},{"pair":"ADA/USDT","stake_amount":327.6235,"max_stake_amount":327.6235,"amount":459.5,"open_date":"2025-05-02 14:25:00+00:00","close_date":"2025-05-02 15:30:00+00:00","open_rate":0.713,"close_rate":0.7053,"fee_open":0.001,"fee_close":0.001,"trade_duration":65,"profit_ratio":-0.012775863687504642,"profit_abs":-4.18985885,"exit_reason":"exit_signal","initial_stop_loss_abs":0.5491,"initial_stop_loss_ratio":-0.23,"stop_loss_abs":0.5512,"stop_loss_ratio":-0.23,"min_rate":0.7043,"max_rate":0.7158,"is_open":false,"enter_tag":"","leverage":1.0,"is_short":false,"open_timestamp":1746195900000,"close_timestamp":1746199800000,"orders":[{"amount":459.5,"safe_price":0.713,"ft_order_side":"buy","order_filled_timestamp":1746195900000,"ft_is_entry":true,"ft_order_tag":"","cost":327.95112349999994},{"amount":459.5,"safe_price":0.7053,"ft_order_side":"sell","order_filled_timestamp":1746199800000,"ft_is_entry":false,"ft_order_tag":"exit_signal","cost":324.40943534999997}]},{"pair":"ADA/USDT","stake_amount":326.18164,"max_stake_amount":326.18164,"amount":451.4,"open_date":"2025-05-03 14:50:00+00:00","close_date":"2025-05-03 15:55:00+00:00","open_rate":0.7226,"close_rate":0.7172,"fee_open":0.001,"fee_close":0.001,"trade_duration":65,"profit_ratio":-0.009456085016561077,"profit_abs":-3.08748572,"exit_reason":"exit_signal","initial_stop_loss_abs":0.5565,"initial_stop_loss_ratio":-0.23,"stop_loss_abs":0.5619,"stop_loss_ratio":-0.23,"min_rate":0.7162,"max_rate":0.7297,"is_open":false,"enter_tag":"","leverage":1.0,"is_short":false,"open_timestamp":1746283800000,"close_timestamp":1746287700000,"orders":[{"amount":451.4,"safe_price":0.7226,"ft_order_side":"buy","order_filled_timestamp":1746283800000,"ft_is_entry":true,"ft_order_tag":"","cost":326.50782164},{"amount":451.4,"safe_price":0.7172,"ft_order_side":"sell","order_filled_timestamp":1746287700000,"ft_is_entry":false,"ft_order_tag":"exit_signal","cost":324.0678240799999}]},{"pair":"ADA/USDT","stake_amount":325.17984,"max_stake_amount":325.17984,"amount":451.2,"open_date":"2025-05-03 18:20:00+00:00","close_date":"2025-05-03 18:55:00+00:00","open_rate":0.7207,"close_rate":0.7075,"fee_open":0.001,"fee_close":0.001,"trade_duration":35,"profit_ratio":-0.020276934110706833,"profit_abs":-6.60024384,"exit_reason":"exit_signal","initial_stop_loss_abs":0.555,"initial_stop_loss_ratio":-0.23,"stop_loss_abs":0.5555,"stop_loss_ratio":-0.23,"min_rate":0.7065,"max_rate":0.7214,"is_open":false,"enter_tag":"","leverage":1.0,"is_short":false,"open_timestamp":1746296400000,"close_timestamp":1746298500000,"orders":[{"amount":451.2,"safe_price":0.7207,"ft_order_side":"buy","order_filled_timestamp":1746296400000,"ft_is_entry":true,"ft_order_tag":"","cost":325.50501984},{"amount":451.2,"safe_price":0.7075,"ft_order_side":"sell","order_filled_timestamp":1746298500000,"ft_is_entry":false,"ft_order_tag":"exit_signal","cost":319.54322399999995}]},{"pair":"ADA/USDT","stake_amount":323.01325,"max_stake_amount":323.01325,"amount":458.5,"open_date":"2025-05-03 23:10:00+00:00","close_date":"2025-05-03 23:20:00+00:00","open_rate":0.7045,"close_rate":0.7049,"fee_open":0.001,"fee_close":0.001,"trade_duration":10,"profit_ratio":-0.0014313578543528863,"profit_abs":-0.4628099,"exit_reason":"exit_signal","initial_stop_loss_abs":0.5425,"initial_stop_loss_ratio":-0.23,"stop_loss_abs":0.5433,"stop_loss_ratio":-0.23,"min_rate":0.7033,"max_rate":0.7055,"is_open":false,"enter_tag":"","leverage":1.0,"is_short":false,"open_timestamp":1746313800000,"close_timestamp":1746314400000,"orders":[{"amount":458.5,"safe_price":0.7045,"ft_order_side":"buy","order_filled_timestamp":1746313800000,"ft_is_entry":true,"ft_order_tag":"","cost":323.33626325},{"amount":458.5,"safe_price":0.7049,"ft_order_side":"sell","order_filled_timestamp":1746314400000,"ft_is_entry":false,"ft_order_tag":"exit_signal","cost":323.5198466499999}]},{"pair":"ADA/USDT","stake_amount":322.8757,"max_stake_amount":322.8757,"amount":458.5,"open_date":"2025-05-04 05:45:00+00:00","close_date":"2025-05-04 06:30:00+00:00","open_rate":0.7042,"close_rate":0.697,"fee_open":0.001,"fee_close":0.001,"trade_duration":45,"profit_ratio":-0.012201941767406124,"profit_abs":-3.9436502,"exit_reason":"exit_signal","initial_stop_loss_abs":0.5423,"initial_stop_loss_ratio":-0.23,"stop_loss_abs":0.544,"stop_loss_ratio":-0.23,"min_rate":0.6962,"max_rate":0.7064,"is_open":false,"enter_tag":"","leverage":1.0,"is_short":false,"open_timestamp":1746337500000,"close_timestamp":1746340200000,"orders":[{"amount":458.5,"safe_price":0.7042,"ft_order_side":"buy","order_filled_timestamp":1746337500000,"ft_is_entry":true,"ft_order_tag":"","cost":323.19857569999994},{"amount":458.5,"safe_price":0.697,"ft_order_side":"sell","order_filled_timestamp":1746340200000,"ft_is_entry":false,"ft_order_tag":"exit_signal","cost":319.8940745}]},{"pair":"ADA/USDT","stake_amount":321.56476,"max_stake_amount":321.56476,"amount":458.2,"open_date":"2025-05-04 07:20:00+00:00","close_date":"2025-05-04 07:25:00+00:00","open_rate":0.7018,"close_rate":0.6993,"fee_open":0.001,"fee_close":0.001,"trade_duration":5,"profit_ratio":-0.005553153031066967,"profit_abs":-1.78748402,"exit_reason":"exit_signal","initial_stop_loss_abs":0.5404,"initial_stop_loss_ratio":-0.23,"stop_loss_abs":0.5404,"stop_loss_ratio":-0.23,"min_rate":0.6984,"max_rate":0.7018,"is_open":false,"enter_tag":"","leverage":1.0,"is_short":false,"open_timestamp":1746343200000,"close_timestamp":1746343500000,"orders":[{"amount":458.2,"safe_price":0.7018,"ft_order_side":"buy","order_filled_timestamp":1746343200000,"ft_is_entry":true,"ft_order_tag":"","cost":321.8863247599999},{"amount":458.2,"safe_price":0.6993,"ft_order_side":"sell","order_filled_timestamp":1746343500000,"ft_is_entry":false,"ft_order_tag":"exit_signal","cost":320.73967925999995}]},{"pair":"ADA/USDT","stake_amount":320.95266,"max_stake_amount":320.95266,"amount":480.9,"open_date":"2025-05-05 13:05:00+00:00","close_date":"2025-05-05 13:10:00+00:00","open_rate":0.6674,"close_rate":0.6626,"fee_open":0.001,"fee_close":0.001,"trade_duration":5,"profit_ratio":-0.009175720892832069,"profit_abs":-2.947917,"exit_reason":"exit_signal","initial_stop_loss_abs":0.5139,"initial_stop_loss_ratio":-0.23,"stop_loss_abs":0.5143,"stop_loss_ratio":-0.23,"min_rate":0.6613,"max_rate":0.6679,"is_open":false,"enter_tag":"","leverage":1.0,"is_short":false,"open_timestamp":1746450300000,"close_timestamp":1746450600000,"orders":[{"amount":480.9,"safe_price":0.6674,"ft_order_side":"buy","order_filled_timestamp":1746450300000,"ft_is_entry":true,"ft_order_tag":"","cost":321.27361265999997},{"amount":480.9,"safe_price":0.6626,"ft_order_side":"sell","order_filled_timestamp":1746450600000,"ft_is_entry":false,"ft_order_tag":"exit_signal","cost":318.96298433999993}]},{"pair":"ADA/USDT","stake_amount":319.9824,"max_stake_amount":319.9824,"amount":486.0,"open_date":"2025-05-06 09:50:00+00:00","close_date":"2025-05-06 10:00:00+00:00","open_rate":0.6584,"close_rate":0.66,"fee_open":0.001,"fee_close":0.001,"trade_duration":10,"profit_ratio":0.0004272762474463568,"profit_abs":0.1368576,"exit_reason":"exit_signal","initial_stop_loss_abs":0.507,"initial_stop_loss_ratio":-0.23,"stop_loss_abs":0.5086,"stop_loss_ratio":-0.23,"min_rate":0.6571,"max_rate":0.6605,"is_open":false,"enter_tag":"","leverage":1.0,"is_short":false,"open_timestamp":1746525000000,"close_timestamp":1746525600000,"orders":[{"amount":486.0,"safe_price":0.6584,"ft_order_side":"buy","order_filled_timestamp":1746525000000,"ft_is_entry":true,"ft_order_tag":"","cost":320.30238239999994},{"amount":486.0,"safe_price":0.66,"ft_order_side":"sell","order_filled_timestamp":1746525600000,"ft_is_entry":false,"ft_order_tag":"exit_signal","cost":321.08075999999994}]},{"pair":"ADA/USDT","stake_amount":320.05535,"max_stake_amount":320.05535,"amount":485.3,"open_date":"2025-05-06 18:25:00+00:00","close_date":"2025-05-06 20:30:00+00:00","open_rate":0.6595,"close_rate":0.6608203203203202,"fee_open":0.001,"fee_close":0.001,"trade_duration":125,"profit_ratio":0.0,"profit_abs":0.0,"exit_reason":"roi","initial_stop_loss_abs":0.5079,"initial_stop_loss_ratio":-0.23,"stop_loss_abs":0.5144,"stop_loss_ratio":-0.23,"min_rate":0.6581,"max_rate":0.668,"is_open":false,"enter_tag":"","leverage":1.0,"is_short":false,"open_timestamp":1746555900000,"close_timestamp":1746563400000,"orders":[{"amount":485.3,"safe_price":0.6595,"ft_order_side":"buy","order_filled_timestamp":1746555900000,"ft_is_entry":true,"ft_order_tag":"","cost":320.37540534999994},{"amount":485.3,"safe_price":0.6608203203203202,"ft_order_side":"sell","order_filled_timestamp":1746563400000,"ft_is_entry":false,"ft_order_tag":"roi","cost":321.0167975529028}]},{"pair":"ETH/USDT","stake_amount":319.986927,"max_stake_amount":319.986927,"amount":0.1781,"open_date":"2025-05-06 22:20:00+00:00","close_date":"2025-05-06 23:55:00+00:00","open_rate":1796.67,"close_rate":1816.67,"fee_open":0.001,"fee_close":0.001,"trade_duration":95,"profit_ratio":0.00911146161105076,"profit_abs":2.91846415,"exit_reason":"force_exit","initial_stop_loss_abs":1383.44,"initial_stop_loss_ratio":-0.23,"stop_loss_abs":1400.95,"stop_loss_ratio":-0.23,"min_rate":1794.85,"max_rate":1819.41,"is_open":false,"enter_tag":"","leverage":1.0,"is_short":false,"open_timestamp":1746570000000,"close_timestamp":1746575700000,"orders":[{"amount":0.1781,"safe_price":1796.67,"ft_order_side":"buy","order_filled_timestamp":1746570000000,"ft_is_entry":true,"ft_order_tag":"","cost":320.306913927},{"amount":0.1781,"safe_price":1816.67,"ft_order_side":"sell","order_filled_timestamp":1746575700000,"ft_is_entry":false,"ft_order_tag":"force_exit","cost":323.87247592700004}]},{"pair":"ADA/USDT","stake_amount":320.06268,"max_stake_amount":320.06268,"amount":474.8,"open_date":"2025-05-06 23:25:00+00:00","close_date":"2025-05-06 23:55:00+00:00","open_rate":0.6741,"close_rate":0.6783,"fee_open":0.001,"fee_close":0.001,"trade_duration":30,"profit_ratio":0.0042200789864341275,"profit_abs":1.35204048,"exit_reason":"force_exit","initial_stop_loss_abs":0.5191,"initial_stop_loss_ratio":-0.23,"stop_loss_abs":0.5242,"stop_loss_ratio":-0.23,"min_rate":0.6733,"max_rate":0.6807,"is_open":false,"enter_tag":"","leverage":1.0,"is_short":false,"open_timestamp":1746573900000,"close_timestamp":1746575700000,"orders":[{"amount":474.8,"safe_price":0.6741,"ft_order_side":"buy","order_filled_timestamp":1746573900000,"ft_is_entry":true,"ft_order_tag":"","cost":320.38274268},{"amount":474.8,"safe_price":0.6783,"ft_order_side":"sell","order_filled_timestamp":1746575700000,"ft_is_entry":false,"ft_order_tag":"force_exit","cost":322.37889684}]}],"locks":[],"best_pair":{"key":"ETH/USDT","trades":2,"profit_mean":0.006957923466239401,"profit_mean_pct":0.7,"profit_sum":0.013915846932478802,"profit_sum_pct":1.39,"profit_total_abs":4.50536842,"profit_total":0.00450536842,"profit_total_pct":0.45,"duration_avg":"1:22:00","wins":2,"draws":0,"losses":0,"winrate":1.0,"cagr":0.38840169093968524,"expectancy":2.25268421,"expectancy_ratio":100.0,"sortino":-100,"sharpe":25.856874812278747,"calmar":-100,"sqn":3.3835,"profit_factor":0.0,"max_drawdown_account":0.0,"max_drawdown_abs":0.0},"worst_pair":{"key":"ADA/USDT","trades":14,"profit_mean":-0.006627700805425039,"profit_mean_pct":-0.66,"profit_sum":-0.09278781127595055,"profit_sum_pct":-9.28,"profit_total_abs":-30.286119190000004,"profit_total":-0.030286119190000006,"profit_total_pct":-3.03,"duration_avg":"0:46:00","wins":2,"draws":1,"losses":11,"winrate":0.14285714285714285,"cagr":-0.8940786036742042,"expectancy":-2.163294227857143,"expectancy_ratio":-0.8203262448499956,"sortino":-71.57437482217833,"sharpe":-57.41687500401687,"calmar":-364.19523537584246,"sqn":-3.87,"profit_factor":0.046857506554551114,"max_drawdown_account":0.03177501727000003,"max_drawdown_abs":31.775017270000003},"results_per_pair":[{"key":"ETH/USDT","trades":2,"profit_mean":0.006957923466239401,"profit_mean_pct":0.7,"profit_sum":0.013915846932478802,"profit_sum_pct":1.39,"profit_total_abs":4.50536842,"profit_total":0.00450536842,"profit_total_pct":0.45,"duration_avg":"1:22:00","wins":2,"draws":0,"losses":0,"winrate":1.0,"cagr":0.38840169093968524,"expectancy":2.25268421,"expectancy_ratio":100.0,"sortino":-100,"sharpe":25.856874812278747,"calmar":-100,"sqn":3.3835,"profit_factor":0.0,"max_drawdown_account":0.0,"max_drawdown_abs":0.0},{"key":"BTC/USDT","trades":0,"profit_mean":0.0,"profit_mean_pct":0.0,"profit_sum":0.0,"profit_sum_pct":0.0,"profit_total_abs":0.0,"profit_total":0.0,"profit_total_pct":0.0,"duration_avg":"0:00","wins":0,"draws":0,"losses":0,"winrate":0.0,"cagr":0.0,"expectancy":0.0,"expectancy_ratio":100.0,"sortino":0,"sharpe":0,"calmar":0,"sqn":0.0,"profit_factor":0.0,"max_drawdown_account":0.0,"max_drawdown_abs":0.0},{"key":"ADA/USDT","trades":14,"profit_mean":-0.006627700805425039,"profit_mean_pct":-0.66,"profit_sum":-0.09278781127595055,"profit_sum_pct":-9.28,"profit_total_abs":-30.286119190000004,"profit_total":-0.030286119190000006,"profit_total_pct":-3.03,"duration_avg":"0:46:00","wins":2,"draws":1,"losses":11,"winrate":0.14285714285714285,"cagr":-0.8940786036742042,"expectancy":-2.163294227857143,"expectancy_ratio":-0.8203262448499956,"sortino":-71.57437482217833,"sharpe":-57.41687500401687,"calmar":-364.19523537584246,"sqn":-3.87,"profit_factor":0.046857506554551114,"max_drawdown_account":0.03177501727000003,"max_drawdown_abs":31.775017270000003},{"key":"TOTAL","trades":16,"profit_mean":-0.0049294977714669855,"profit_mean_pct":-0.49,"profit_sum":-0.07887196434347177,"profit_sum_pct":-7.89,"profit_total_abs":-25.780750769999997,"profit_total":-0.025780750769999996,"profit_total_pct":-2.58,"duration_avg":"0:50:00","wins":4,"draws":1,"losses":11,"winrate":0.25,"cagr":-0.8514271118470094,"expectancy":-1.6112969231250003,"expectancy_ratio":-0.6203050832755692,"sortino":-60.92695822904945,"sharpe":-41.10668936446138,"calmar":-326.31423625612035,"sqn":-2.6041,"profit_factor":0.18864715159917203,"max_drawdown_account":0.030188113000000044,"max_drawdown_abs":30.188113}],"results_per_enter_tag":[{"key":"","trades":16,"profit_mean":-0.0049294977714669855,"profit_mean_pct":-0.49,"profit_sum":-0.07887196434347177,"profit_sum_pct":-7.89,"profit_total_abs":-25.780750769999997,"profit_total":-0.025780750769999996,"profit_total_pct":-2.58,"duration_avg":"0:50:00","wins":4,"draws":1,"losses":11,"winrate":0.25,"cagr":-0.8514271118470094,"expectancy":-1.6112969231250003,"expectancy_ratio":-0.6203050832755692,"sortino":-60.92695822904945,"sharpe":-41.10668936446138,"calmar":-326.31423625612035,"sqn":-2.6041,"profit_factor":0.18864715159917203,"max_drawdown_account":0.030188113000000044,"max_drawdown_abs":30.188113},{"key":"TOTAL","trades":16,"profit_mean":-0.0049294977714669855,"profit_mean_pct":-0.49,"profit_sum":-0.07887196434347177,"profit_sum_pct":-7.89,"profit_total_abs":-25.780750769999997,"profit_total":-0.025780750769999996,"profit_total_pct":-2.58,"duration_avg":"0:50:00","wins":4,"draws":1,"losses":11,"winrate":0.25,"cagr":-0.8514271118470094,"expectancy":-1.6112969231250003,"expectancy_ratio":-0.6203050832755692,"sortino":-60.92695822904945,"sharpe":-41.10668936446138,"calmar":-326.31423625612035,"sqn":-2.6041,"profit_factor":0.18864715159917203,"max_drawdown_account":0.030188113000000044,"max_drawdown_abs":30.188113}],"exit_reason_summary":[{"key":"force_exit","trades":2,"profit_mean":0.006665770298742444,"profit_mean_pct":0.67,"profit_sum":0.013331540597484887,"profit_sum_pct":1.33,"profit_total_abs":4.2705046300000005,"profit_total":0.004270504630000001,"profit_total_pct":0.43,"duration_avg":"1:02:00","wins":2,"draws":0,"losses":0,"winrate":1.0,"cagr":0.364902597453707,"expectancy":2.1352523150000002,"expectancy_ratio":100.0,"sortino":-100,"sharpe":20.83417863518644,"calmar":-100,"sqn":2.7263,"profit_factor":0.0,"max_drawdown_account":0.0,"max_drawdown_abs":0.0},{"key":"roi","trades":1,"profit_mean":0.0,"profit_mean_pct":0.0,"profit_sum":0.0,"profit_sum_pct":0.0,"profit_total_abs":0.0,"profit_total":0.0,"profit_total_pct":0.0,"duration_avg":"2:05:00","wins":0,"draws":1,"losses":0,"winrate":0.0,"cagr":0.0,"expectancy":0.0,"expectancy_ratio":100.0,"sortino":-100,"sharpe":-100,"calmar":-100,"sqn":-100.0,"profit_factor":0.0,"max_drawdown_account":0.0,"max_drawdown_abs":0.0},{"key":"exit_signal","trades":13,"profit_mean":-0.007092577303150513,"profit_mean_pct":-0.71,"profit_sum":-0.09220350494095667,"profit_sum_pct":-9.22,"profit_total_abs":-30.051255400000006,"profit_total":-0.030051255400000004,"profit_total_pct":-3.01,"duration_avg":"0:43:00","wins":2,"draws":0,"losses":11,"winrate":0.15384615384615385,"cagr":-0.8921894343219935,"expectancy":-2.311635030769231,"expectancy_ratio":-0.8002508738986294,"sortino":-71.01932751380058,"sharpe":-56.543501025306476,"calmar":-380.36721823476256,"sqn":-3.9432,"profit_factor":0.05424896721071081,"max_drawdown_account":0.030188113000000044,"max_drawdown_abs":30.188113},{"key":"TOTAL","trades":16,"profit_mean":-0.0049294977714669855,"profit_mean_pct":-0.49,"profit_sum":-0.07887196434347177,"profit_sum_pct":-7.89,"profit_total_abs":-25.780750769999997,"profit_total":-0.025780750769999996,"profit_total_pct":-2.58,"duration_avg":"0:50:00","wins":4,"draws":1,"losses":11,"winrate":0.25,"cagr":-0.8514271118470094,"expectancy":-1.6112969231250003,"expectancy_ratio":-0.6203050832755692,"sortino":-60.92695822904945,"sharpe":-41.10668936446138,"calmar":-326.31423625612035,"sqn":-2.6041,"profit_factor":0.18864715159917203,"max_drawdown_account":0.030188113000000044,"max_drawdown_abs":30.188113}],"mix_tag_stats":[{"key":["","force_exit"],"trades":2,"profit_mean":0.006665770298742444,"profit_mean_pct":0.67,"profit_sum":0.013331540597484887,"profit_sum_pct":1.33,"profit_total_abs":4.2705046300000005,"profit_total":0.004270504630000001,"profit_total_pct":0.43,"duration_avg":"1:02:00","wins":2,"draws":0,"losses":0,"winrate":1.0,"cagr":0.364902597453707,"expectancy":2.1352523150000002,"expectancy_ratio":100.0,"sortino":-100,"sharpe":20.83417863518644,"calmar":-100,"sqn":2.7263,"profit_factor":0.0,"max_drawdown_account":0.0,"max_drawdown_abs":0.0},{"key":["","roi"],"trades":1,"profit_mean":0.0,"profit_mean_pct":0.0,"profit_sum":0.0,"profit_sum_pct":0.0,"profit_total_abs":0.0,"profit_total":0.0,"profit_total_pct":0.0,"duration_avg":"2:05:00","wins":0,"draws":1,"losses":0,"winrate":0.0,"cagr":0.0,"expectancy":0.0,"expectancy_ratio":100.0,"sortino":-100,"sharpe":-100,"calmar":-100,"sqn":-100.0,"profit_factor":0.0,"max_drawdown_account":0.0,"max_drawdown_abs":0.0},{"key":["","exit_signal"],"trades":13,"profit_mean":-0.007092577303150513,"profit_mean_pct":-0.71,"profit_sum":-0.09220350494095667,"profit_sum_pct":-9.22,"profit_total_abs":-30.051255400000006,"profit_total":-0.030051255400000004,"profit_total_pct":-3.01,"duration_avg":"0:43:00","wins":2,"draws":0,"losses":11,"winrate":0.15384615384615385,"cagr":-0.8921894343219935,"expectancy":-2.311635030769231,"expectancy_ratio":-0.8002508738986294,"sortino":-71.01932751380058,"sharpe":-56.543501025306476,"calmar":-380.36721823476256,"sqn":-3.9432,"profit_factor":0.05424896721071081,"max_drawdown_account":0.030188113000000044,"max_drawdown_abs":30.188113},{"key":"TOTAL","trades":16,"profit_mean":-0.0049294977714669855,"profit_mean_pct":-0.49,"profit_sum":-0.07887196434347177,"profit_sum_pct":-7.89,"profit_total_abs":-25.780750769999997,"profit_total":-0.025780750769999996,"profit_total_pct":-2.58,"duration_avg":"0:50:00","wins":4,"draws":1,"losses":11,"winrate":0.25,"cagr":-0.8514271118470094,"expectancy":-1.6112969231250003,"expectancy_ratio":-0.6203050832755692,"sortino":-60.92695822904945,"sharpe":-41.10668936446138,"calmar":-326.31423625612035,"sqn":-2.6041,"profit_factor":0.18864715159917203,"max_drawdown_account":0.030188113000000044,"max_drawdown_abs":30.188113}],"left_open_trades":[{"key":"ETH/USDT","trades":1,"profit_mean":0.00911146161105076,"profit_mean_pct":0.91,"profit_sum":0.00911146161105076,"profit_sum_pct":0.91,"profit_total_abs":2.91846415,"profit_total":0.0029184641500000002,"profit_total_pct":0.29,"duration_avg":"1:35:00","wins":1,"draws":0,"losses":0,"winrate":1.0,"cagr":0.2370600043522162,"expectancy":2.91846415,"expectancy_ratio":100.0,"sortino":-100,"sharpe":-100,"calmar":-100,"sqn":-100.0,"profit_factor":0.0,"max_drawdown_account":0.0,"max_drawdown_abs":0.0},{"key":"ADA/USDT","trades":1,"profit_mean":0.0042200789864341275,"profit_mean_pct":0.42,"profit_sum":0.0042200789864341275,"profit_sum_pct":0.42,"profit_total_abs":1.35204048,"profit_total":0.0013520404800000001,"profit_total_pct":0.14,"duration_avg":"0:30:00","wins":1,"draws":0,"losses":0,"winrate":1.0,"cagr":0.10366040087280126,"expectancy":1.35204048,"expectancy_ratio":100.0,"sortino":-100,"sharpe":-100,"calmar":-100,"sqn":-100.0,"profit_factor":0.0,"max_drawdown_account":0.0,"max_drawdown_abs":0.0},{"key":"TOTAL","trades":2,"profit_mean":0.006665770298742444,"profit_mean_pct":0.67,"profit_sum":0.013331540597484887,"profit_sum_pct":1.33,"profit_total_abs":4.2705046300000005,"profit_total":0.004270504630000001,"profit_total_pct":0.43,"duration_avg":"1:02:00","wins":2,"draws":0,"losses":0,"winrate":1.0,"cagr":0.364902597453707,"expectancy":2.1352523150000002,"expectancy_ratio":100.0,"sortino":-100,"sharpe":20.83417863518644,"calmar":-100,"sqn":2.7263,"profit_factor":0.0,"max_drawdown_account":0.0,"max_drawdown_abs":0.0}],"total_trades":16,"trade_count_long":16,"trade_count_short":0,"total_volume":10383.705557676902,"avg_stake_amount":324.648113875,"profit_mean":-0.0049294977714669855,"profit_median":-0.005963559264043813,"profit_total":-0.025780750769999996,"profit_total_long":-0.025780750769999996,"profit_total_short":0.0,"profit_total_abs":-25.780750769999997,"profit_total_long_abs":-25.780750769999997,"profit_total_short_abs":0.0,"cagr":-0.8514271118470106,"expectancy":-1.6112969231250003,"expectancy_ratio":-0.6203050832755692,"sortino":-60.92695822904945,"sharpe":-41.10668936446138,"calmar":-326.31423625612035,"sqn":-2.6041,"profit_factor":0.18864715159917203,"backtest_start":"2025-05-01 00:00:00","backtest_start_ts":1746057600000,"backtest_end":"2025-05-06 23:55:00","backtest_end_ts":1746575700000,"backtest_days":5,"backtest_run_start_ts":1746813205,"backtest_run_end_ts":1746813206,"trades_per_day":3.2,"market_change":0.011136960349376994,"pairlist":["BTC/USDT","ETH/USDT","ADA/USDT"],"stake_amount":"unlimited","stake_currency":"USDT","stake_currency_decimals":3,"starting_balance":1000,"dry_run_wallet":1000,"final_balance":974.21924923,"rejected_signals":0,"timedout_entry_orders":0,"timedout_exit_orders":0,"canceled_trade_entries":0,"canceled_entry_orders":0,"replaced_entry_orders":0,"max_open_trades":3,"max_open_trades_setting":3,"timeframe":"5m","timeframe_detail":"","timerange":"20250501-20250507","enable_protections":false,"strategy_name":"HybridAlligatorATRRelaxedStrategy","stoploss":-0.23,"trailing_stop":true,"trailing_stop_positive":0.03,"trailing_stop_positive_offset":0.05,"trailing_only_offset_is_reached":false,"use_custom_stoploss":true,"minimal_roi":{"0":0.245,"26":0.048,"50":0.021,"121":0},"use_exit_signal":true,"exit_profit_only":false,"exit_profit_offset":0.0,"ignore_roi_if_entry_signal":false,"trading_mode":"spot","margin_mode":"","periodic_breakdown":{"day":[{"date":"01/05/2025","date_ts":1746057600000,"profit_abs":-3.3229777,"wins":1,"draws":0,"losses":2,"trades":3,"profit_factor":0.3232062},{"date":"02/05/2025","date_ts":1746144000000,"profit_abs":-8.03554462,"wins":0,"draws":0,"losses":3,"trades":3,"profit_factor":0.0},{"date":"03/05/2025","date_ts":1746230400000,"profit_abs":-10.15053946,"wins":0,"draws":0,"losses":3,"trades":3,"profit_factor":0.0},{"date":"04/05/2025","date_ts":1746316800000,"profit_abs":-5.73113422,"wins":0,"draws":0,"losses":2,"trades":2,"profit_factor":0.0},{"date":"05/05/2025","date_ts":1746403200000,"profit_abs":-2.947917,"wins":0,"draws":0,"losses":1,"trades":1,"profit_factor":0.0},{"date":"06/05/2025","date_ts":1746489600000,"profit_abs":4.40736223,"wins":3,"draws":1,"losses":0,"trades":4,"profit_factor":0.0}],"week":[{"date":"05/05/2025","date_ts":1746403200000,"profit_abs":-30.188113,"wins":1,"draws":0,"losses":11,"trades":12,"profit_factor":0.04994189},{"date":"12/05/2025","date_ts":1747008000000,"profit_abs":4.40736223,"wins":3,"draws":1,"losses":0,"trades":4,"profit_factor":0.0}],"month":[{"date":"31/05/2025","date_ts":1748649600000,"profit_abs":-25.78075077,"wins":4,"draws":1,"losses":11,"trades":16,"profit_factor":0.18864715}],"year":[{"date":"31/12/2025","date_ts":1767139200000,"profit_abs":-25.78075077,"wins":4,"draws":1,"losses":11,"trades":16,"profit_factor":0.18864715}]},"backtest_best_day":0.013758816844931245,"backtest_worst_day":-0.031164376981620792,"backtest_best_day_abs":4.40736223,"backtest_worst_day_abs":-10.15053946,"winning_days":1,"draw_days":0,"losing_days":5,"daily_profit":[["2025-05-01",-3.3229777],["2025-05-02",-8.03554462],["2025-05-03",-10.15053946],["2025-05-04",-5.73113422],["2025-05-05",-2.947917],["2025-05-06",4.40736223]],"wins":4,"losses":11,"draws":1,"winrate":0.25,"holding_avg":"0:50:00","holding_avg_s":3000.0,"winner_holding_avg":"0:51:00","winner_holding_avg_s":3060.0,"loser_holding_avg":"0:43:00","loser_holding_avg_s":2580.0,"max_consecutive_wins":2,"max_consecutive_losses":10,"max_drawdown_account":0.030188113000000044,"max_relative_drawdown":0.030188113000000044,"max_drawdown_abs":30.188113,"drawdown_start":"2025-05-01 16:00:00","drawdown_start_ts":1746115200000.0,"drawdown_end":"2025-05-05 13:10:00","drawdown_end_ts":1746450600000.0,"max_drawdown_low":-30.188113,"max_drawdown_high":-2.80735148,"csum_min":969.811887,"csum_max":998.77955279}},"strategy_comparison":[{"key":"HybridAlligatorATRRelaxedStrategy","trades":16,"profit_mean":-0.0049294977714669855,"profit_mean_pct":-0.49,"profit_sum":-0.07887196434347177,"profit_sum_pct":-7.89,"profit_total_abs":-25.780750769999997,"profit_total":-0.025780750769999996,"profit_total_pct":-2.58,"duration_avg":"0:50:00","wins":4,"draws":1,"losses":11,"winrate":0.25,"cagr":-0.8514271118470094,"expectancy":-1.6112969231250003,"expectancy_ratio":-0.6203050832755692,"sortino":-60.92695822904945,"sharpe":-41.10668936446138,"calmar":-326.31423625612035,"sqn":-2.6041,"profit_factor":0.18864715159917203,"max_drawdown_account":0.030188113000000044,"max_drawdown_abs":"30.188"}]}