{"strategy":{"HybridAlligatorATRStrategy":{"trades":[{"pair":"ADA/USDT","stake_amount":329.93244,"max_stake_amount":329.93244,"amount":426.6,"open_date":"2025-02-03 17:45:00+00:00","close_date":"2025-02-03 17:50:00+00:00","open_rate":0.7734,"close_rate":0.777,"fee_open":0.001,"fee_close":0.001,"trade_duration":5,"profit_ratio":0.0026474689003781328,"profit_abs":0.87435936,"exit_reason":"exit_signal","initial_stop_loss_abs":0.7348,"initial_stop_loss_ratio":-0.05,"stop_loss_abs":0.7424,"stop_loss_ratio":-0.05,"min_rate":0.77,"max_rate":0.7814,"is_open":false,"enter_tag":"","leverage":1.0,"is_short":false,"open_timestamp":1738604700000,"close_timestamp":1738605000000,"orders":[{"amount":426.6,"safe_price":0.7734,"ft_order_side":"buy","order_filled_timestamp":1738604700000,"ft_is_entry":true,"ft_order_tag":"","cost":330.2623724399999},{"amount":426.6,"safe_price":0.777,"ft_order_side":"sell","order_filled_timestamp":1738605000000,"ft_is_entry":false,"ft_order_tag":"exit_signal","cost":331.7996682}]},{"pair":"ADA/USDT","stake_amount":330.23133,"max_stake_amount":330.23133,"amount":386.1,"open_date":"2025-03-02 15:40:00+00:00","close_date":"2025-03-02 15:45:00+00:00","open_rate":0.8553,"close_rate":0.8199,"fee_open":0.001,"fee_close":0.001,"trade_duration":5,"profit_ratio":-0.04330429304122745,"profit_abs":-14.31473472,"exit_reason":"trailing_stop_loss","initial_stop_loss_abs":0.8126,"initial_stop_loss_ratio":-0.05,"stop_loss_abs":0.8199,"stop_loss_ratio":-0.05,"min_rate":0.7795,"max_rate":0.863,"is_open":false,"enter_tag":"","leverage":1.0,"is_short":false,"open_timestamp":1740930000000,"close_timestamp":1740930300000,"orders":[{"amount":386.1,"safe_price":0.8553,"ft_order_side":"buy","order_filled_timestamp":1740930000000,"ft_is_entry":true,"ft_order_tag":"","cost":330.56156132999996},{"amount":386.1,"safe_price":0.8199,"ft_order_side":"sell","order_filled_timestamp":1740930300000,"ft_is_entry":false,"ft_order_tag":"trailing_stop_loss","cost":316.87995338999997}]},{"pair":"ETH/USDT","stake_amount":325.391948,"max_stake_amount":325.391948,"amount":0.1334,"open_date":"2025-03-02 16:40:00+00:00","close_date":"2025-03-02 16:40:00+00:00","open_rate":2439.22,"close_rate":2492.9365565565563,"fee_open":0.001,"fee_close":0.001,"trade_duration":0,"profit_ratio":0.01998001998001998,"profit_abs":6.50783896,"exit_reason":"roi","initial_stop_loss_abs":2317.26,"initial_stop_loss_ratio":-0.05,"stop_loss_abs":2375.0,"stop_loss_ratio":-0.05,"min_rate":2388.87,"max_rate":2500.0,"is_open":false,"enter_tag":"","leverage":1.0,"is_short":false,"open_timestamp":1740933600000,"close_timestamp":1740933600000,"orders":[{"amount":0.1334,"safe_price":2439.22,"ft_order_side":"buy","order_filled_timestamp":1740933600000,"ft_is_entry":true,"ft_order_tag":"","cost":325.7173399479999},{"amount":0.1334,"safe_price":2492.9365565565563,"ft_order_side":"sell","order_filled_timestamp":1740933600000,"ft_is_entry":false,"ft_order_tag":"roi","cost":332.8902943812892}]},{"pair":"ETH/USDT","stake_amount":327.493122,"max_stake_amount":327.493122,"amount":0.1317,"open_date":"2025-03-02 16:45:00+00:00","close_date":"2025-03-02 17:40:00+00:00","open_rate":2486.66,"close_rate":2491.6382982982977,"fee_open":0.001,"fee_close":0.001,"trade_duration":55,"profit_ratio":0.0,"profit_abs":0.0,"exit_reason":"roi","initial_stop_loss_abs":2362.33,"initial_stop_loss_ratio":-0.05,"stop_loss_abs":2385.28,"stop_loss_ratio":-0.05,"min_rate":2395.36,"max_rate":2510.82,"is_open":false,"enter_tag":"","leverage":1.0,"is_short":false,"open_timestamp":1740933900000,"close_timestamp":1740937200000,"orders":[{"amount":0.1317,"safe_price":2486.66,"ft_order_side":"buy","order_filled_timestamp":1740933900000,"ft_is_entry":true,"ft_order_tag":"","cost":327.820615122},{"amount":0.1317,"safe_price":2491.6382982982977,"ft_order_side":"sell","order_filled_timestamp":1740937200000,"ft_is_entry":false,"ft_order_tag":"roi","cost":328.4769126497717}]},{"pair":"ADA/USDT","stake_amount":327.6834,"max_stake_amount":327.6834,"amount":288.2,"open_date":"2025-03-02 23:55:00+00:00","close_date":"2025-03-03 00:00:00+00:00","open_rate":1.137,"close_rate":1.162039039039039,"fee_open":0.001,"fee_close":0.001,"trade_duration":5,"profit_ratio":0.01998001998001998,"profit_abs":6.553668,"exit_reason":"roi","initial_stop_loss_abs":1.0802,"initial_stop_loss_ratio":-0.05,"stop_loss_abs":1.116,"stop_loss_ratio":-0.05,"min_rate":1.0953,"max_rate":1.1747,"is_open":false,"enter_tag":"","leverage":1.0,"is_short":false,"open_timestamp":1740959700000,"close_timestamp":1740960000000,"orders":[{"amount":288.2,"safe_price":1.137,"ft_order_side":"buy","order_filled_timestamp":1740959700000,"ft_is_entry":true,"ft_order_tag":"","cost":328.01108339999996},{"amount":288.2,"safe_price":1.162039039039039,"ft_order_side":"sell","order_filled_timestamp":1740960000000,"ft_is_entry":false,"ft_order_tag":"roi","cost":335.234550702102}]},{"pair":"ADA/USDT","stake_amount":329.81932,"max_stake_amount":329.81932,"amount":362.2,"open_date":"2025-03-04 17:30:00+00:00","close_date":"2025-03-04 17:35:00+00:00","open_rate":0.9106,"close_rate":0.9306532532532531,"fee_open":0.001,"fee_close":0.001,"trade_duration":5,"profit_ratio":0.01998001998001998,"profit_abs":6.5963864,"exit_reason":"roi","initial_stop_loss_abs":0.8651,"initial_stop_loss_ratio":-0.05,"stop_loss_abs":0.9025,"stop_loss_ratio":-0.05,"min_rate":0.9054,"max_rate":0.95,"is_open":false,"enter_tag":"","leverage":1.0,"is_short":false,"open_timestamp":1741109400000,"close_timestamp":1741109700000,"orders":[{"amount":362.2,"safe_price":0.9106,"ft_order_side":"buy","order_filled_timestamp":1741109400000,"ft_is_entry":true,"ft_order_tag":"","cost":330.14913931999996},{"amount":362.2,"safe_price":0.9306532532532531,"ft_order_side":"sell","order_filled_timestamp":1741109700000,"ft_is_entry":false,"ft_order_tag":"roi","cost":337.41969093665654}]},{"pair":"ADA/USDT","stake_amount":332.03608,"max_stake_amount":332.03608,"amount":342.8,"open_date":"2025-03-05 02:25:00+00:00","close_date":"2025-03-05 02:50:00+00:00","open_rate":0.9686,"close_rate":0.9802348348348346,"fee_open":0.001,"fee_close":0.001,"trade_duration":25,"profit_ratio":0.00999000999000999,"profit_abs":3.3203608,"exit_reason":"roi","initial_stop_loss_abs":0.9202,"initial_stop_loss_ratio":-0.05,"stop_loss_abs":0.9348,"stop_loss_ratio":-0.05,"min_rate":0.9571,"max_rate":0.984,"is_open":false,"enter_tag":"","leverage":1.0,"is_short":false,"open_timestamp":1741141500000,"close_timestamp":1741143000000,"orders":[{"amount":342.8,"safe_price":0.9686,"ft_order_side":"buy","order_filled_timestamp":1741141500000,"ft_is_entry":true,"ft_order_tag":"","cost":332.36811608},{"amount":342.8,"safe_price":0.9802348348348346,"ft_order_side":"sell","order_filled_timestamp":1741143000000,"ft_is_entry":false,"ft_order_tag":"roi","cost":336.3605258827627}]}],"locks":[],"best_pair":{"key":"ETH/USDT","trades":2,"profit_mean":0.00999000999000999,"profit_mean_pct":1.0,"profit_sum":0.01998001998001998,"profit_sum_pct":2.0,"profit_total_abs":6.50783896,"profit_total":0.00650783896,"profit_total_pct":0.65,"duration_avg":"0:28:00","wins":1,"draws":1,"losses":0,"winrate":0.5,"cagr":0.026959999739838647,"expectancy":3.25391948,"expectancy_ratio":100.0,"sortino":-100,"sharpe":0.42932523987736626,"calmar":-100,"sqn":1.0,"profit_factor":0.0,"max_drawdown_account":0.0,"max_drawdown_abs":0.0},"worst_pair":{"key":"BTC/USDT","trades":0,"profit_mean":0.0,"profit_mean_pct":0.0,"profit_sum":0.0,"profit_sum_pct":0.0,"profit_total_abs":0.0,"profit_total":0.0,"profit_total_pct":0.0,"duration_avg":"0:00","wins":0,"draws":0,"losses":0,"winrate":0.0,"cagr":0.0,"expectancy":0.0,"expectancy_ratio":100.0,"sortino":0,"sharpe":0,"calmar":0,"sqn":0.0,"profit_factor":0.0,"max_drawdown_account":0.0,"max_drawdown_abs":0.0},"results_per_pair":[{"key":"ETH/USDT","trades":2,"profit_mean":0.00999000999000999,"profit_mean_pct":1.0,"profit_sum":0.01998001998001998,"profit_sum_pct":2.0,"profit_total_abs":6.50783896,"profit_total":0.00650783896,"profit_total_pct":0.65,"duration_avg":"0:28:00","wins":1,"draws":1,"losses":0,"winrate":0.5,"cagr":0.026959999739838647,"expectancy":3.25391948,"expectancy_ratio":100.0,"sortino":-100,"sharpe":0.42932523987736626,"calmar":-100,"sqn":1.0,"profit_factor":0.0,"max_drawdown_account":0.0,"max_drawdown_abs":0.0},{"key":"ADA/USDT","trades":5,"profit_mean":0.001858645161840126,"profit_mean_pct":0.19,"profit_sum":0.00929322580920063,"profit_sum_pct":0.93,"profit_total_abs":3.0300398399999993,"profit_total":0.0030300398399999992,"profit_total_pct":0.3,"duration_avg":"0:09:00","wins":4,"draws":0,"losses":1,"winrate":0.8,"cagr":0.012485075182151917,"expectancy":0.6060079680000001,"expectancy_ratio":0.042334558051803084,"sortino":-100,"sharpe":0.08378578150587344,"calmar":4.547796507344128,"sqn":0.1561,"profit_factor":1.211672790259015,"max_drawdown_account":0.014302229431827348,"max_drawdown_abs":14.31473472},{"key":"BTC/USDT","trades":0,"profit_mean":0.0,"profit_mean_pct":0.0,"profit_sum":0.0,"profit_sum_pct":0.0,"profit_total_abs":0.0,"profit_total":0.0,"profit_total_pct":0.0,"duration_avg":"0:00","wins":0,"draws":0,"losses":0,"winrate":0.0,"cagr":0.0,"expectancy":0.0,"expectancy_ratio":100.0,"sortino":0,"sharpe":0,"calmar":0,"sqn":0.0,"profit_factor":0.0,"max_drawdown_account":0.0,"max_drawdown_abs":0.0},{"key":"TOTAL","trades":7,"profit_mean":0.004181892255602944,"profit_mean_pct":0.42,"profit_sum":0.02927324578922061,"profit_sum_pct":2.93,"profit_total_abs":9.5378788,"profit_total":0.0095378788,"profit_total_pct":0.95,"duration_avg":"0:14:00","wins":5,"draws":1,"losses":1,"winrate":0.7142857142857143,"cagr":0.039698383881298316,"expectancy":1.362554114285714,"expectancy_ratio":-0.04767171742400467,"sortino":-100,"sharpe":0.29706290549729863,"calmar":14.315432860483977,"sqn":0.4842,"profit_factor":1.666297978031967,"max_drawdown_account":0.014302229431827348,"max_drawdown_abs":14.31473472}],"results_per_enter_tag":[{"key":"","trades":7,"profit_mean":0.004181892255602944,"profit_mean_pct":0.42,"profit_sum":0.02927324578922061,"profit_sum_pct":2.93,"profit_total_abs":9.5378788,"profit_total":0.0095378788,"profit_total_pct":0.95,"duration_avg":"0:14:00","wins":5,"draws":1,"losses":1,"winrate":0.7142857142857143,"cagr":0.039698383881298316,"expectancy":1.362554114285714,"expectancy_ratio":-0.04767171742400467,"sortino":-100,"sharpe":0.29706290549729863,"calmar":14.315432860483977,"sqn":0.4842,"profit_factor":1.666297978031967,"max_drawdown_account":0.014302229431827348,"max_drawdown_abs":14.31473472},{"key":"TOTAL","trades":7,"profit_mean":0.004181892255602944,"profit_mean_pct":0.42,"profit_sum":0.02927324578922061,"profit_sum_pct":2.93,"profit_total_abs":9.5378788,"profit_total":0.0095378788,"profit_total_pct":0.95,"duration_avg":"0:14:00","wins":5,"draws":1,"losses":1,"winrate":0.7142857142857143,"cagr":0.039698383881298316,"expectancy":1.362554114285714,"expectancy_ratio":-0.04767171742400467,"sortino":-100,"sharpe":0.29706290549729863,"calmar":14.315432860483977,"sqn":0.4842,"profit_factor":1.666297978031967,"max_drawdown_account":0.014302229431827348,"max_drawdown_abs":14.31473472}],"exit_reason_summary":[{"key":"roi","trades":5,"profit_mean":0.013986013986013984,"profit_mean_pct":1.4,"profit_sum":0.06993006993006992,"profit_sum_pct":6.99,"profit_total_abs":22.97825416,"profit_total":0.02297825416,"profit_total_pct":2.3,"duration_avg":"0:18:00","wins":4,"draws":1,"losses":0,"winrate":0.8,"cagr":0.09764861415876291,"expectancy":4.595650832,"expectancy_ratio":100.0,"sortino":-100,"sharpe":1.8849249370394385,"calmar":-100,"sqn":3.5123,"profit_factor":0.0,"max_drawdown_account":0.0,"max_drawdown_abs":0.0},{"key":"exit_signal","trades":1,"profit_mean":0.0026474689003781328,"profit_mean_pct":0.26,"profit_sum":0.0026474689003781328,"profit_sum_pct":0.26,"profit_total_abs":0.87435936,"profit_total":0.00087435936,"profit_total_pct":0.09,"duration_avg":"0:05:00","wins":1,"draws":0,"losses":0,"winrate":1.0,"cagr":0.003590720297680372,"expectancy":0.87435936,"expectancy_ratio":100.0,"sortino":-100,"sharpe":-100,"calmar":-100,"sqn":-100.0,"profit_factor":0.0,"max_drawdown_account":0.0,"max_drawdown_abs":0.0},{"key":"trailing_stop_loss","trades":1,"profit_mean":-0.04330429304122745,"profit_mean_pct":-4.33,"profit_sum":-0.04330429304122745,"profit_sum_pct":-4.33,"profit_total_abs":-14.31473472,"profit_total":-0.014314734720000001,"profit_total_pct":-1.43,"duration_avg":"0:05:00","wins":0,"draws":0,"losses":1,"winrate":0.0,"cagr":-0.05741646634504538,"expectancy":-14.31473472,"expectancy_ratio":-1.0,"sortino":-100,"sharpe":-100,"calmar":-21.466261993868248,"sqn":-100.0,"profit_factor":0.0,"max_drawdown_account":0.014314734720000047,"max_drawdown_abs":14.31473472},{"key":"TOTAL","trades":7,"profit_mean":0.004181892255602944,"profit_mean_pct":0.42,"profit_sum":0.02927324578922061,"profit_sum_pct":2.93,"profit_total_abs":9.5378788,"profit_total":0.0095378788,"profit_total_pct":0.95,"duration_avg":"0:14:00","wins":5,"draws":1,"losses":1,"winrate":0.7142857142857143,"cagr":0.039698383881298316,"expectancy":1.362554114285714,"expectancy_ratio":-0.04767171742400467,"sortino":-100,"sharpe":0.29706290549729863,"calmar":14.315432860483977,"sqn":0.4842,"profit_factor":1.666297978031967,"max_drawdown_account":0.014302229431827348,"max_drawdown_abs":14.31473472}],"mix_tag_stats":[{"key":["","roi"],"trades":5,"profit_mean":0.013986013986013984,"profit_mean_pct":1.4,"profit_sum":0.06993006993006992,"profit_sum_pct":6.99,"profit_total_abs":22.97825416,"profit_total":0.02297825416,"profit_total_pct":2.3,"duration_avg":"0:18:00","wins":4,"draws":1,"losses":0,"winrate":0.8,"cagr":0.09764861415876291,"expectancy":4.595650832,"expectancy_ratio":100.0,"sortino":-100,"sharpe":1.8849249370394385,"calmar":-100,"sqn":3.5123,"profit_factor":0.0,"max_drawdown_account":0.0,"max_drawdown_abs":0.0},{"key":["","exit_signal"],"trades":1,"profit_mean":0.0026474689003781328,"profit_mean_pct":0.26,"profit_sum":0.0026474689003781328,"profit_sum_pct":0.26,"profit_total_abs":0.87435936,"profit_total":0.00087435936,"profit_total_pct":0.09,"duration_avg":"0:05:00","wins":1,"draws":0,"losses":0,"winrate":1.0,"cagr":0.003590720297680372,"expectancy":0.87435936,"expectancy_ratio":100.0,"sortino":-100,"sharpe":-100,"calmar":-100,"sqn":-100.0,"profit_factor":0.0,"max_drawdown_account":0.0,"max_drawdown_abs":0.0},{"key":["","trailing_stop_loss"],"trades":1,"profit_mean":-0.04330429304122745,"profit_mean_pct":-4.33,"profit_sum":-0.04330429304122745,"profit_sum_pct":-4.33,"profit_total_abs":-14.31473472,"profit_total":-0.014314734720000001,"profit_total_pct":-1.43,"duration_avg":"0:05:00","wins":0,"draws":0,"losses":1,"winrate":0.0,"cagr":-0.05741646634504538,"expectancy":-14.31473472,"expectancy_ratio":-1.0,"sortino":-100,"sharpe":-100,"calmar":-21.466261993868248,"sqn":-100.0,"profit_factor":0.0,"max_drawdown_account":0.014314734720000047,"max_drawdown_abs":14.31473472},{"key":"TOTAL","trades":7,"profit_mean":0.004181892255602944,"profit_mean_pct":0.42,"profit_sum":0.02927324578922061,"profit_sum_pct":2.93,"profit_total_abs":9.5378788,"profit_total":0.0095378788,"profit_total_pct":0.95,"duration_avg":"0:14:00","wins":5,"draws":1,"losses":1,"winrate":0.7142857142857143,"cagr":0.039698383881298316,"expectancy":1.362554114285714,"expectancy_ratio":-0.04767171742400467,"sortino":-100,"sharpe":0.29706290549729863,"calmar":14.315432860483977,"sqn":0.4842,"profit_factor":1.666297978031967,"max_drawdown_account":0.014302229431827348,"max_drawdown_abs":14.31473472}],"left_open_trades":[{"key":"TOTAL","trades":0,"profit_mean":0.0,"profit_mean_pct":0.0,"profit_sum":0.0,"profit_sum_pct":0.0,"profit_total_abs":0.0,"profit_total":0.0,"profit_total_pct":0.0,"duration_avg":"0:00","wins":0,"draws":0,"losses":0,"winrate":0.0,"cagr":0.0,"expectancy":0.0,"expectancy_ratio":100.0,"sortino":0,"sharpe":0,"calmar":0,"sqn":0.0,"profit_factor":0.0,"max_drawdown_account":0.0,"max_drawdown_abs":0.0}],"total_trades":7,"trade_count_long":7,"trade_count_short":0,"total_volume":4623.951823782581,"avg_stake_amount":328.94109142857144,"profit_mean":0.004181892255602944,"profit_median":0.00999000999000999,"profit_total":0.0095378788,"profit_total_long":0.0095378788,"profit_total_short":0.0,"profit_total_abs":9.5378788,"profit_total_long_abs":9.5378788,"profit_total_short_abs":0.0,"cagr":0.039698383881298316,"expectancy":1.362554114285714,"expectancy_ratio":-0.04767171742400467,"sortino":-100,"sharpe":0.29706290549729863,"calmar":14.315432860483977,"sqn":0.4842,"profit_factor":1.666297978031967,"backtest_start":"2025-01-01 04:10:00","backtest_start_ts":1735704600000,"backtest_end":"2025-03-31 23:55:00","backtest_end_ts":1743465300000,"backtest_days":89,"backtest_run_start_ts":1746552981,"backtest_run_end_ts":1746552981,"trades_per_day":0.08,"market_change":-0.2663352793410046,"pairlist":["BTC/USDT","ETH/USDT","ADA/USDT"],"stake_amount":"unlimited","stake_currency":"USDT","stake_currency_decimals":3,"starting_balance":1000,"dry_run_wallet":1000,"final_balance":1009.5378788,"rejected_signals":0,"timedout_entry_orders":0,"timedout_exit_orders":0,"canceled_trade_entries":0,"canceled_entry_orders":0,"replaced_entry_orders":0,"max_open_trades":3,"max_open_trades_setting":3,"timeframe":"5m","timeframe_detail":"","timerange":"20250101-20250401","enable_protections":false,"strategy_name":"HybridAlligatorATRStrategy","stoploss":-0.05,"trailing_stop":true,"trailing_stop_positive":0.03,"trailing_stop_positive_offset":0.05,"trailing_only_offset_is_reached":false,"use_custom_stoploss":true,"minimal_roi":{"0":0.02,"10":0.01,"30":0},"use_exit_signal":true,"exit_profit_only":false,"exit_profit_offset":0.0,"ignore_roi_if_entry_signal":false,"trading_mode":"spot","margin_mode":"","periodic_breakdown":{"day":[{"date":"03/02/2025","date_ts":1738540800000,"profit_abs":0.87435936,"wins":1,"draws":0,"losses":0,"trades":1,"profit_factor":0.0},{"date":"04/02/2025","date_ts":1738627200000,"profit_abs":0.0,"wins":0,"draws":0,"losses":0,"trades":0,"profit_factor":0.0},{"date":"05/02/2025","date_ts":1738713600000,"profit_abs":0.0,"wins":0,"draws":0,"losses":0,"trades":0,"profit_factor":0.0},{"date":"06/02/2025","date_ts":1738800000000,"profit_abs":0.0,"wins":0,"draws":0,"losses":0,"trades":0,"profit_factor":0.0},{"date":"07/02/2025","date_ts":1738886400000,"profit_abs":0.0,"wins":0,"draws":0,"losses":0,"trades":0,"profit_factor":0.0},{"date":"08/02/2025","date_ts":1738972800000,"profit_abs":0.0,"wins":0,"draws":0,"losses":0,"trades":0,"profit_factor":0.0},{"date":"09/02/2025","date_ts":1739059200000,"profit_abs":0.0,"wins":0,"draws":0,"losses":0,"trades":0,"profit_factor":0.0},{"date":"10/02/2025","date_ts":1739145600000,"profit_abs":0.0,"wins":0,"draws":0,"losses":0,"trades":0,"profit_factor":0.0},{"date":"11/02/2025","date_ts":1739232000000,"profit_abs":0.0,"wins":0,"draws":0,"losses":0,"trades":0,"profit_factor":0.0},{"date":"12/02/2025","date_ts":1739318400000,"profit_abs":0.0,"wins":0,"draws":0,"losses":0,"trades":0,"profit_factor":0.0},{"date":"13/02/2025","date_ts":1739404800000,"profit_abs":0.0,"wins":0,"draws":0,"losses":0,"trades":0,"profit_factor":0.0},{"date":"14/02/2025","date_ts":1739491200000,"profit_abs":0.0,"wins":0,"draws":0,"losses":0,"trades":0,"profit_factor":0.0},{"date":"15/02/2025","date_ts":1739577600000,"profit_abs":0.0,"wins":0,"draws":0,"losses":0,"trades":0,"profit_factor":0.0},{"date":"16/02/2025","date_ts":1739664000000,"profit_abs":0.0,"wins":0,"draws":0,"losses":0,"trades":0,"profit_factor":0.0},{"date":"17/02/2025","date_ts":1739750400000,"profit_abs":0.0,"wins":0,"draws":0,"losses":0,"trades":0,"profit_factor":0.0},{"date":"18/02/2025","date_ts":1739836800000,"profit_abs":0.0,"wins":0,"draws":0,"losses":0,"trades":0,"profit_factor":0.0},{"date":"19/02/2025","date_ts":1739923200000,"profit_abs":0.0,"wins":0,"draws":0,"losses":0,"trades":0,"profit_factor":0.0},{"date":"20/02/2025","date_ts":1740009600000,"profit_abs":0.0,"wins":0,"draws":0,"losses":0,"trades":0,"profit_factor":0.0},{"date":"21/02/2025","date_ts":1740096000000,"profit_abs":0.0,"wins":0,"draws":0,"losses":0,"trades":0,"profit_factor":0.0},{"date":"22/02/2025","date_ts":1740182400000,"profit_abs":0.0,"wins":0,"draws":0,"losses":0,"trades":0,"profit_factor":0.0},{"date":"23/02/2025","date_ts":1740268800000,"profit_abs":0.0,"wins":0,"draws":0,"losses":0,"trades":0,"profit_factor":0.0},{"date":"24/02/2025","date_ts":1740355200000,"profit_abs":0.0,"wins":0,"draws":0,"losses":0,"trades":0,"profit_factor":0.0},{"date":"25/02/2025","date_ts":1740441600000,"profit_abs":0.0,"wins":0,"draws":0,"losses":0,"trades":0,"profit_factor":0.0},{"date":"26/02/2025","date_ts":1740528000000,"profit_abs":0.0,"wins":0,"draws":0,"losses":0,"trades":0,"profit_factor":0.0},{"date":"27/02/2025","date_ts":1740614400000,"profit_abs":0.0,"wins":0,"draws":0,"losses":0,"trades":0,"profit_factor":0.0},{"date":"28/02/2025","date_ts":1740700800000,"profit_abs":0.0,"wins":0,"draws":0,"losses":0,"trades":0,"profit_factor":0.0},{"date":"01/03/2025","date_ts":1740787200000,"profit_abs":0.0,"wins":0,"draws":0,"losses":0,"trades":0,"profit_factor":0.0},{"date":"02/03/2025","date_ts":1740873600000,"profit_abs":-7.80689576,"wins":1,"draws":1,"losses":1,"trades":3,"profit_factor":0.45462519},{"date":"03/03/2025","date_ts":1740960000000,"profit_abs":6.553668,"wins":1,"draws":0,"losses":0,"trades":1,"profit_factor":0.0},{"date":"04/03/2025","date_ts":1741046400000,"profit_abs":6.5963864,"wins":1,"draws":0,"losses":0,"trades":1,"profit_factor":0.0},{"date":"05/03/2025","date_ts":1741132800000,"profit_abs":3.3203608,"wins":1,"draws":0,"losses":0,"trades":1,"profit_factor":0.0}],"week":[{"date":"03/02/2025","date_ts":1738540800000,"profit_abs":0.87435936,"wins":1,"draws":0,"losses":0,"trades":1,"profit_factor":0.0},{"date":"10/02/2025","date_ts":1739145600000,"profit_abs":0.0,"wins":0,"draws":0,"losses":0,"trades":0,"profit_factor":0.0},{"date":"17/02/2025","date_ts":1739750400000,"profit_abs":0.0,"wins":0,"draws":0,"losses":0,"trades":0,"profit_factor":0.0},{"date":"24/02/2025","date_ts":1740355200000,"profit_abs":0.0,"wins":0,"draws":0,"losses":0,"trades":0,"profit_factor":0.0},{"date":"03/03/2025","date_ts":1740960000000,"profit_abs":-1.25322776,"wins":2,"draws":1,"losses":1,"trades":4,"profit_factor":0.9124519},{"date":"10/03/2025","date_ts":1741564800000,"profit_abs":9.9167472,"wins":2,"draws":0,"losses":0,"trades":2,"profit_factor":0.0}],"month":[{"date":"28/02/2025","date_ts":1740700800000,"profit_abs":0.87435936,"wins":1,"draws":0,"losses":0,"trades":1,"profit_factor":0.0},{"date":"31/03/2025","date_ts":1743379200000,"profit_abs":8.66351944,"wins":4,"draws":1,"losses":1,"trades":6,"profit_factor":1.6052169}],"year":[{"date":"31/12/2025","date_ts":1767139200000,"profit_abs":9.5378788,"wins":5,"draws":1,"losses":1,"trades":7,"profit_factor":1.66629798}]},"backtest_best_day":0.01998001998001998,"backtest_worst_day":-0.023324273061207473,"backtest_best_day_abs":6.5963864,"backtest_worst_day_abs":-7.80689576,"winning_days":4,"draw_days":26,"losing_days":1,"daily_profit":[["2025-02-03",0.87435936],["2025-02-04",0.0],["2025-02-05",0.0],["2025-02-06",0.0],["2025-02-07",0.0],["2025-02-08",0.0],["2025-02-09",0.0],["2025-02-10",0.0],["2025-02-11",0.0],["2025-02-12",0.0],["2025-02-13",0.0],["2025-02-14",0.0],["2025-02-15",0.0],["2025-02-16",0.0],["2025-02-17",0.0],["2025-02-18",0.0],["2025-02-19",0.0],["2025-02-20",0.0],["2025-02-21",0.0],["2025-02-22",0.0],["2025-02-23",0.0],["2025-02-24",0.0],["2025-02-25",0.0],["2025-02-26",0.0],["2025-02-27",0.0],["2025-02-28",0.0],["2025-03-01",0.0],["2025-03-02",-7.80689576],["2025-03-03",6.553668],["2025-03-04",6.5963864],["2025-03-05",3.3203608]],"wins":5,"losses":1,"draws":1,"winrate":0.7142857142857143,"holding_avg":"0:14:00","holding_avg_s":840.0,"winner_holding_avg":"0:08:00","winner_holding_avg_s":480.0,"loser_holding_avg":"0:05:00","loser_holding_avg_s":300.0,"max_consecutive_wins":3,"max_consecutive_losses":1,"max_drawdown_account":0.014302229431827348,"max_relative_drawdown":0.014302229431827348,"max_drawdown_abs":14.31473472,"drawdown_start":"2025-02-03 17:50:00","drawdown_start_ts":1738605000000.0,"drawdown_end":"2025-03-02 15:45:00","drawdown_end_ts":1740930300000.0,"max_drawdown_low":-13.44037536,"max_drawdown_high":0.87435936,"csum_min":986.55962464,"csum_max":1009.5378788}},"strategy_comparison":[{"key":"HybridAlligatorATRStrategy","trades":7,"profit_mean":0.004181892255602944,"profit_mean_pct":0.42,"profit_sum":0.02927324578922061,"profit_sum_pct":2.93,"profit_total_abs":9.5378788,"profit_total":0.0095378788,"profit_total_pct":0.95,"duration_avg":"0:14:00","wins":5,"draws":1,"losses":1,"winrate":0.7142857142857143,"cagr":0.039698383881298316,"expectancy":1.362554114285714,"expectancy_ratio":-0.04767171742400467,"sortino":-100,"sharpe":0.29706290549729863,"calmar":14.315432860483977,"sqn":0.4842,"profit_factor":1.666297978031967,"max_drawdown_account":0.014302229431827348,"max_drawdown_abs":"14.315"}]}