{
  "strategy_name": "HybridAlligatorATRRelaxedStrategy",
  "params": {
    "trailing": {
      "trailing_stop": false,
      "trailing_stop_positive": null,
      "trailing_stop_positive_offset": 0.0,
      "trailing_only_offset_is_reached": false
    },
    "max_open_trades": {
      "max_open_trades": 3
    },
    "buy": {
      "atr_period": 7,
      "high_lookback": 2,
      "vol_multiplier": 0.618,
      "volat_threshold": 0.005
    },
    "sell": {
      "exit_fast_ema": 18,
      "exit_slow_ema": 37,
      "sl_atr_multiplier": 1.945
    },
    "protection": {},
    "roi": {
      "0": 0.102,
      "18": 0.05,
      "49": 0.021,
      "164": 0
    },
    "stoploss": {
      "stoploss": -0.327
    }
  },
  "ft_stratparam_v": 1,
  "export_time": "2025-06-24 09:14:08.538480+00:00"
}