{
  "strategy_name": "HybridAlligatorATRRelaxedStrategy",
  "params": {
    "roi": {
      "0": 0.245,
      "26": 0.048,
      "50": 0.021,
      "121": 0
    },
    "stoploss": {
      "stoploss": -0.23
    },
    "trailing": {
      "trailing_stop": true,
      "trailing_stop_positive": 0.03,
      "trailing_stop_positive_offset": 0.05,
      "trailing_only_offset_is_reached": false
    },
    "max_open_trades": {
      "max_open_trades": 3
    },
    "buy": {
      "atr_period": 14,
      "high_lookback": 4,
      "vol_multiplier": 2.5214885701516776,
      "volat_threshold": 0.016354064014425407
    },
    "sell": {
      "sl_atr_multiplier": 1.025341329355394,
      "stoploss_param": -0.02441239982195728
    },
    "protection": {}
  },
  "ft_stratparam_v": 1,
  "export_time": "2025-05-09 18:10:30.590239+00:00"
}