{"strategy":{"DebugUnconditionalStrategy":{"trades":[{"pair":"ETH/USDT","stake_amount":329.685636,"max_stake_amount":329.685636,"amount":0.0987,"open_date":"2025-01-01 00:05:00+00:00","close_date":"2025-01-01 00:10:00+00:00","open_rate":3340.28,"close_rate":3346.967247247247,"fee_open":0.001,"fee_close":0.001,"trade_duration":5,"profit_ratio":0.0,"profit_abs":0.0,"exit_reason":"roi","initial_stop_loss_abs":3006.26,"initial_stop_loss_ratio":-0.1,"stop_loss_abs":3006.26,"stop_loss_ratio":-0.1,"min_rate":3339.55,"max_rate":3349.34,"is_open":false,"enter_tag":"","leverage":1.0,"is_short":false,"open_timestamp":1735689900000,"close_timestamp":1735690200000,"orders":[{"amount":0.0987,"safe_price":3340.28,"ft_order_side":"buy","order_filled_timestamp":1735689900000,"ft_is_entry":true,"ft_order_tag":"","cost":330.01532163599995},{"amount":0.0987,"safe_price":3346.967247247247,"ft_order_side":"sell","order_filled_timestamp":1735690200000,"ft_is_entry":false,"ft_order_tag":"roi","cost":330.67601297060656}]},{"pair":"ADA/USDT","stake_amount":329.97734,"max_stake_amount":329.97734,"amount":388.3,"open_date":"2025-01-01 00:05:00+00:00","close_date":"2025-01-01 00:15:00+00:00","open_rate":0.8498,"close_rate":0.8515013013013012,"fee_open":0.001,"fee_close":0.001,"trade_duration":10,"profit_ratio":0.0,"profit_abs":0.0,"exit_reason":"roi","initial_stop_loss_abs":0.7649,"initial_stop_loss_ratio":-0.1,"stop_loss_abs":0.7649,"stop_loss_ratio":-0.1,"min_rate":0.8487,"max_rate":0.8524,"is_open":false,"enter_tag":"","leverage":1.0,"is_short":false,"open_timestamp":1735689900000,"close_timestamp":1735690500000,"orders":[{"amount":388.3,"safe_price":0.8498,"ft_order_side":"buy","order_filled_timestamp":1735689900000,"ft_is_entry":true,"ft_order_tag":"","cost":330.30731734},{"amount":388.3,"safe_price":0.8515013013013012,"ft_order_side":"sell","order_filled_timestamp":1735690500000,"ft_is_entry":false,"ft_order_tag":"roi","cost":330.9685932505905}]},{"pair":"BTC/USDT","stake_amount":329.687424,"max_stake_amount":329.687424,"amount":0.00352,"open_date":"2025-01-01 00:05:00+00:00","close_date":"2025-01-01 00:20:00+00:00","open_rate":93661.2,"close_rate":93848.7099099099,"fee_open":0.001,"fee_close":0.001,"trade_duration":15,"profit_ratio":0.0,"profit_abs":0.0,"exit_reason":"roi","initial_stop_loss_abs":84295.08,"initial_stop_loss_ratio":-0.1,"stop_loss_abs":84295.08,"stop_loss_ratio":-0.1,"min_rate":93489.03,"max_rate":93898.05,"is_open":false,"enter_tag":"","leverage":1.0,"is_short":false,"open_timestamp":1735689900000,"close_timestamp":1735690800000,"orders":[{"amount":0.00352,"safe_price":93661.2,"ft_order_side":"buy","order_filled_timestamp":1735689900000,"ft_is_entry":true,"ft_order_tag":"","cost":330.017111424},{"amount":0.00352,"safe_price":93848.7099099099,"ft_order_side":"sell","order_filled_timestamp":1735690800000,"ft_is_entry":false,"ft_order_tag":"roi","cost":330.6778063417657}]},{"pair":"ETH/USDT","stake_amount":329.828235,"max_stake_amount":329.828235,"amount":0.0985,"open_date":"2025-01-01 00:15:00+00:00","close_date":"2025-01-01 00:30:00+00:00","open_rate":3348.51,"close_rate":3355.213723723724,"fee_open":0.001,"fee_close":0.001,"trade_duration":15,"profit_ratio":0.0,"profit_abs":0.0,"exit_reason":"roi","initial_stop_loss_abs":3013.66,"initial_stop_loss_ratio":-0.1,"stop_loss_abs":3013.66,"stop_loss_ratio":-0.1,"min_rate":3347.33,"max_rate":3358.61,"is_open":false,"enter_tag":"","leverage":1.0,"is_short":false,"open_timestamp":1735690500000,"close_timestamp":1735691400000,"orders":[{"amount":0.0985,"safe_price":3348.51,"ft_order_side":"buy","order_filled_timestamp":1735690500000,"ft_is_entry":true,"ft_order_tag":"","cost":330.15806323500004},{"amount":0.0985,"safe_price":3355.213723723724,"ft_order_side":"sell","order_filled_timestamp":1735691400000,"ft_is_entry":false,"ft_order_tag":"roi","cost":330.8190403385736}]},{"pair":"ADA/USDT","stake_amount":329.95625,"max_stake_amount":329.95625,"amount":387.5,"open_date":"2025-01-01 00:20:00+00:00","close_date":"2025-01-01 00:30:00+00:00","open_rate":0.8515,"close_rate":0.8532047047047047,"fee_open":0.001,"fee_close":0.001,"trade_duration":10,"profit_ratio":0.0,"profit_abs":0.0,"exit_reason":"roi","initial_stop_loss_abs":0.7664,"initial_stop_loss_ratio":-0.1,"stop_loss_abs":0.7664,"stop_loss_ratio":-0.1,"min_rate":0.8498,"max_rate":0.8561,"is_open":false,"enter_tag":"","leverage":1.0,"is_short":false,"open_timestamp":1735690800000,"close_timestamp":1735691400000,"orders":[{"amount":387.5,"safe_price":0.8515,"ft_order_side":"buy","order_filled_timestamp":1735690800000,"ft_is_entry":true,"ft_order_tag":"","cost":330.28620624999996},{"amount":387.5,"safe_price":0.8532047047047047,"ft_order_side":"sell","order_filled_timestamp":1735691400000,"ft_is_entry":false,"ft_order_tag":"roi","cost":330.94743989614614}]},{"pair":"BTC/USDT","stake_amount":329.9648,"max_stake_amount":329.9648,"amount":0.00352,"open_date":"2025-01-01 00:25:00+00:00","close_date":"2025-01-01 00:30:00+00:00","open_rate":93740.0,"close_rate":93927.66766766766,"fee_open":0.001,"fee_close":0.001,"trade_duration":5,"profit_ratio":0.0,"profit_abs":0.0,"exit_reason":"roi","initial_stop_loss_abs":84366.0,"initial_stop_loss_ratio":-0.1,"stop_loss_abs":84366.0,"stop_loss_ratio":-0.1,"min_rate":93721.0,"max_rate":93963.67,"is_open":false,"enter_tag":"","leverage":1.0,"is_short":false,"open_timestamp":1735691100000,"close_timestamp":1735691400000,"orders":[{"amount":0.00352,"safe_price":93740.0,"ft_order_side":"buy","order_filled_timestamp":1735691100000,"ft_is_entry":true,"ft_order_tag":"","cost":330.2947648},{"amount":0.00352,"safe_price":93927.66766766766,"ft_order_side":"sell","order_filled_timestamp":1735691400000,"ft_is_entry":false,"ft_order_tag":"roi","cost":330.9560155803803}]},{"pair":"BTC/USDT","stake_amount":329.5290141,"max_stake_amount":329.5290141,"amount":0.00351,"open_date":"2025-01-01 00:35:00+00:00","close_date":"2025-01-01 00:50:00+00:00","open_rate":93882.91,"close_rate":94070.86377377376,"fee_open":0.001,"fee_close":0.001,"trade_duration":15,"profit_ratio":0.0,"profit_abs":0.0,"exit_reason":"roi","initial_stop_loss_abs":84494.62,"initial_stop_loss_ratio":-0.1,"stop_loss_abs":84494.62,"stop_loss_ratio":-0.1,"min_rate":93836.61,"max_rate":94330.59,"is_open":false,"enter_tag":"","leverage":1.0,"is_short":false,"open_timestamp":1735691700000,"close_timestamp":1735692600000,"orders":[{"amount":0.00351,"safe_price":93882.91,"ft_order_side":"buy","order_filled_timestamp":1735691700000,"ft_is_entry":true,"ft_order_tag":"","cost":329.85854311410003},{"amount":0.00351,"safe_price":94070.86377377376,"ft_order_side":"sell","order_filled_timestamp":1735692600000,"ft_is_entry":false,"ft_order_tag":"roi","cost":330.5189205777918}]},{"pair":"ADA/USDT","stake_amount":329.98309,"max_stake_amount":329.98309,"amount":385.9,"open_date":"2025-01-01 00:35:00+00:00","close_date":"2025-01-01 00:50:00+00:00","open_rate":0.8551,"close_rate":0.8568119119119117,"fee_open":0.001,"fee_close":0.001,"trade_duration":15,"profit_ratio":0.0,"profit_abs":0.0,"exit_reason":"roi","initial_stop_loss_abs":0.7696,"initial_stop_loss_ratio":-0.1,"stop_loss_abs":0.7696,"stop_loss_ratio":-0.1,"min_rate":0.8534,"max_rate":0.857,"is_open":false,"enter_tag":"","leverage":1.0,"is_short":false,"open_timestamp":1735691700000,"close_timestamp":1735692600000,"orders":[{"amount":385.9,"safe_price":0.8551,"ft_order_side":"buy","order_filled_timestamp":1735691700000,"ft_is_entry":true,"ft_order_tag":"","cost":330.31307308999993},{"amount":385.9,"safe_price":0.8568119119119117,"ft_order_side":"sell","order_filled_timestamp":1735692600000,"ft_is_entry":false,"ft_order_tag":"roi","cost":330.9743605236135}]},{"pair":"ETH/USDT","stake_amount":329.974423,"max_stake_amount":329.974423,"amount":0.0983,"open_date":"2025-01-01 00:35:00+00:00","close_date":"2025-01-01 00:55:00+00:00","open_rate":3356.81,"close_rate":3363.53034034034,"fee_open":0.001,"fee_close":0.001,"trade_duration":20,"profit_ratio":0.0,"profit_abs":0.0,"exit_reason":"roi","initial_stop_loss_abs":3021.13,"initial_stop_loss_ratio":-0.1,"stop_loss_abs":3021.13,"stop_loss_ratio":-0.1,"min_rate":3353.89,"max_rate":3365.71,"is_open":false,"enter_tag":"","leverage":1.0,"is_short":false,"open_timestamp":1735691700000,"close_timestamp":1735692900000,"orders":[{"amount":0.0983,"safe_price":3356.81,"ft_order_side":"buy","order_filled_timestamp":1735691700000,"ft_is_entry":true,"ft_order_tag":"","cost":330.30439742299995},{"amount":0.0983,"safe_price":3363.53034034034,"ft_order_side":"sell","order_filled_timestamp":1735692900000,"ft_is_entry":false,"ft_order_tag":"roi","cost":330.9656674879108}]},{"pair":"BTC/USDT","stake_amount":329.91,"max_stake_amount":329.91,"amount":0.0035,"open_date":"2025-01-01 00:55:00+00:00","close_date":"2025-01-01 00:55:00+00:00","open_rate":94260.0,"close_rate":94448.7087087087,"fee_open":0.001,"fee_close":0.001,"trade_duration":0,"profit_ratio":0.0,"profit_abs":0.0,"exit_reason":"roi","initial_stop_loss_abs":84834.0,"initial_stop_loss_ratio":-0.1,"stop_loss_abs":84834.0,"stop_loss_ratio":-0.1,"min_rate":94212.13,"max_rate":94509.42,"is_open":false,"enter_tag":"","leverage":1.0,"is_short":false,"open_timestamp":1735692900000,"close_timestamp":1735692900000,"orders":[{"amount":0.0035,"safe_price":94260.0,"ft_order_side":"buy","order_filled_timestamp":1735692900000,"ft_is_entry":true,"ft_order_tag":"","cost":330.23991},{"amount":0.0035,"safe_price":94448.7087087087,"ft_order_side":"sell","order_filled_timestamp":1735692900000,"ft_is_entry":false,"ft_order_tag":"roi","cost":330.9010509609609}]},{"pair":"ADA/USDT","stake_amount":329.93239,"max_stake_amount":329.93239,"amount":385.3,"open_date":"2025-01-01 00:55:00+00:00","close_date":"2025-01-01 00:55:00+00:00","open_rate":0.8563,"close_rate":0.8580143143143142,"fee_open":0.001,"fee_close":0.001,"trade_duration":0,"profit_ratio":0.0,"profit_abs":0.0,"exit_reason":"roi","initial_stop_loss_abs":0.7707,"initial_stop_loss_ratio":-0.1,"stop_loss_abs":0.7707,"stop_loss_ratio":-0.1,"min_rate":0.8553,"max_rate":0.8608,"is_open":false,"enter_tag":"","leverage":1.0,"is_short":false,"open_timestamp":1735692900000,"close_timestamp":1735692900000,"orders":[{"amount":385.3,"safe_price":0.8563,"ft_order_side":"buy","order_filled_timestamp":1735692900000,"ft_is_entry":true,"ft_order_tag":"","cost":330.26232238999995},{"amount":385.3,"safe_price":0.8580143143143142,"ft_order_side":"sell","order_filled_timestamp":1735692900000,"ft_is_entry":false,"ft_order_tag":"roi","cost":330.92350822061053}]},{"pair":"ADA/USDT","stake_amount":329.96205,"max_stake_amount":329.96205,"amount":383.9,"open_date":"2025-01-01 01:00:00+00:00","close_date":"2025-01-01 12:20:00+00:00","open_rate":0.8595,"close_rate":0.8612207207207206,"fee_open":0.001,"fee_close":0.001,"trade_duration":680,"profit_ratio":0.0,"profit_abs":0.0,"exit_reason":"roi","initial_stop_loss_abs":0.7736,"initial_stop_loss_ratio":-0.1,"stop_loss_abs":0.7736,"stop_loss_ratio":-0.1,"min_rate":0.838,"max_rate":0.862,"is_open":false,"enter_tag":"","leverage":1.0,"is_short":false,"open_timestamp":1735693200000,"close_timestamp":1735734000000,"orders":[{"amount":383.9,"safe_price":0.8595,"ft_order_side":"buy","order_filled_timestamp":1735693200000,"ft_is_entry":true,"ft_order_tag":"","cost":330.2920120499999},{"amount":383.9,"safe_price":0.8612207207207206,"ft_order_side":"sell","order_filled_timestamp":1735734000000,"ft_is_entry":false,"ft_order_tag":"roi","cost":330.95325731936924}]},{"pair":"ADA/USDT","stake_amount":329.9352,"max_stake_amount":329.9352,"amount":383.2,"open_date":"2025-01-01 12:25:00+00:00","close_date":"2025-01-01 12:25:00+00:00","open_rate":0.861,"close_rate":0.8627237237237236,"fee_open":0.001,"fee_close":0.001,"trade_duration":0,"profit_ratio":0.0,"profit_abs":0.0,"exit_reason":"roi","initial_stop_loss_abs":0.7749,"initial_stop_loss_ratio":-0.1,"stop_loss_abs":0.7749,"stop_loss_ratio":-0.1,"min_rate":0.8607,"max_rate":0.8628,"is_open":false,"enter_tag":"","leverage":1.0,"is_short":false,"open_timestamp":1735734300000,"close_timestamp":1735734300000,"orders":[{"amount":383.2,"safe_price":0.861,"ft_order_side":"buy","order_filled_timestamp":1735734300000,"ft_is_entry":true,"ft_order_tag":"","cost":330.2651352},{"amount":383.2,"safe_price":0.8627237237237236,"ft_order_side":"sell","order_filled_timestamp":1735734300000,"ft_is_entry":false,"ft_order_tag":"roi","cost":330.92632666186176}]},{"pair":"ADA/USDT","stake_amount":329.92572,"max_stake_amount":329.92572,"amount":383.1,"open_date":"2025-01-01 12:30:00+00:00","close_date":"2025-01-01 12:35:00+00:00","open_rate":0.8612,"close_rate":0.862924124124124,"fee_open":0.001,"fee_close":0.001,"trade_duration":5,"profit_ratio":0.0,"profit_abs":0.0,"exit_reason":"roi","initial_stop_loss_abs":0.7751,"initial_stop_loss_ratio":-0.1,"stop_loss_abs":0.7751,"stop_loss_ratio":-0.1,"min_rate":0.8597,"max_rate":0.8634,"is_open":false,"enter_tag":"","leverage":1.0,"is_short":false,"open_timestamp":1735734600000,"close_timestamp":1735734900000,"orders":[{"amount":383.1,"safe_price":0.8612,"ft_order_side":"buy","order_filled_timestamp":1735734600000,"ft_is_entry":true,"ft_order_tag":"","cost":330.25564571999996},{"amount":383.1,"safe_price":0.862924124124124,"ft_order_side":"sell","order_filled_timestamp":1735734900000,"ft_is_entry":false,"ft_order_tag":"roi","cost":330.91681818390384}]},{"pair":"ADA/USDT","stake_amount":329.97296,"max_stake_amount":329.97296,"amount":382.4,"open_date":"2025-01-01 12:40:00+00:00","close_date":"2025-01-01 12:40:00+00:00","open_rate":0.8629,"close_rate":0.8646275275275274,"fee_open":0.001,"fee_close":0.001,"trade_duration":0,"profit_ratio":0.0,"profit_abs":0.0,"exit_reason":"roi","initial_stop_loss_abs":0.7767,"initial_stop_loss_ratio":-0.1,"stop_loss_abs":0.7767,"stop_loss_ratio":-0.1,"min_rate":0.8627,"max_rate":0.865,"is_open":false,"enter_tag":"","leverage":1.0,"is_short":false,"open_timestamp":1735735200000,"close_timestamp":1735735200000,"orders":[{"amount":382.4,"safe_price":0.8629,"ft_order_side":"buy","order_filled_timestamp":1735735200000,"ft_is_entry":true,"ft_order_tag":"","cost":330.30293295999996},{"amount":382.4,"safe_price":0.8646275275275274,"ft_order_side":"sell","order_filled_timestamp":1735735200000,"ft_is_entry":false,"ft_order_tag":"roi","cost":330.96420009305297}]},{"pair":"ADA/USDT","stake_amount":329.9334,"max_stake_amount":329.9334,"amount":382.0,"open_date":"2025-01-01 12:45:00+00:00","close_date":"2025-01-01 12:55:00+00:00","open_rate":0.8637,"close_rate":0.8654291291291291,"fee_open":0.001,"fee_close":0.001,"trade_duration":10,"profit_ratio":0.0,"profit_abs":0.0,"exit_reason":"roi","initial_stop_loss_abs":0.7774,"initial_stop_loss_ratio":-0.1,"stop_loss_abs":0.7774,"stop_loss_ratio":-0.1,"min_rate":0.8613,"max_rate":0.8679,"is_open":false,"enter_tag":"","leverage":1.0,"is_short":false,"open_timestamp":1735735500000,"close_timestamp":1735736100000,"orders":[{"amount":382.0,"safe_price":0.8637,"ft_order_side":"buy","order_filled_timestamp":1735735500000,"ft_is_entry":true,"ft_order_tag":"","cost":330.26333339999996},{"amount":382.0,"safe_price":0.8654291291291291,"ft_order_side":"sell","order_filled_timestamp":1735736100000,"ft_is_entry":false,"ft_order_tag":"roi","cost":330.9245212546546}]},{"pair":"ADA/USDT","stake_amount":329.96672,"max_stake_amount":329.96672,"amount":381.2,"open_date":"2025-01-01 13:00:00+00:00","close_date":"2025-01-01 13:00:00+00:00","open_rate":0.8656,"close_rate":0.8673329329329329,"fee_open":0.001,"fee_close":0.001,"trade_duration":0,"profit_ratio":0.0,"profit_abs":0.0,"exit_reason":"roi","initial_stop_loss_abs":0.7791,"initial_stop_loss_ratio":-0.1,"stop_loss_abs":0.7791,"stop_loss_ratio":-0.1,"min_rate":0.8655,"max_rate":0.8694,"is_open":false,"enter_tag":"","leverage":1.0,"is_short":false,"open_timestamp":1735736400000,"close_timestamp":1735736400000,"orders":[{"amount":381.2,"safe_price":0.8656,"ft_order_side":"buy","order_filled_timestamp":1735736400000,"ft_is_entry":true,"ft_order_tag":"","cost":330.29668671999997},{"amount":381.2,"safe_price":0.8673329329329329,"ft_order_side":"sell","order_filled_timestamp":1735736400000,"ft_is_entry":false,"ft_order_tag":"roi","cost":330.957941348068}]},{"pair":"ADA/USDT","stake_amount":329.94832,"max_stake_amount":329.94832,"amount":379.6,"open_date":"2025-01-01 13:05:00+00:00","close_date":"2025-01-01 14:00:00+00:00","open_rate":0.8692,"close_rate":0.87094014014014,"fee_open":0.001,"fee_close":0.001,"trade_duration":55,"profit_ratio":0.0,"profit_abs":0.0,"exit_reason":"roi","initial_stop_loss_abs":0.7823,"initial_stop_loss_ratio":-0.1,"stop_loss_abs":0.7823,"stop_loss_ratio":-0.1,"min_rate":0.8614,"max_rate":0.871,"is_open":false,"enter_tag":"","leverage":1.0,"is_short":false,"open_timestamp":1735736700000,"close_timestamp":1735740000000,"orders":[{"amount":379.6,"safe_price":0.8692,"ft_order_side":"buy","order_filled_timestamp":1735736700000,"ft_is_entry":true,"ft_order_tag":"","cost":330.27826832},{"amount":379.6,"safe_price":0.87094014014014,"ft_order_side":"sell","order_filled_timestamp":1735740000000,"ft_is_entry":false,"ft_order_tag":"roi","cost":330.9394860743943}]},{"pair":"ADA/USDT","stake_amount":329.94832,"max_stake_amount":329.94832,"amount":379.6,"open_date":"2025-01-01 14:05:00+00:00","close_date":"2025-01-01 14:05:00+00:00","open_rate":0.8692,"close_rate":0.87094014014014,"fee_open":0.001,"fee_close":0.001,"trade_duration":0,"profit_ratio":0.0,"profit_abs":0.0,"exit_reason":"roi","initial_stop_loss_abs":0.7823,"initial_stop_loss_ratio":-0.1,"stop_loss_abs":0.7823,"stop_loss_ratio":-0.1,"min_rate":0.8662,"max_rate":0.8714,"is_open":false,"enter_tag":"","leverage":1.0,"is_short":false,"open_timestamp":1735740300000,"close_timestamp":1735740300000,"orders":[{"amount":379.6,"safe_price":0.8692,"ft_order_side":"buy","order_filled_timestamp":1735740300000,"ft_is_entry":true,"ft_order_tag":"","cost":330.27826832},{"amount":379.6,"safe_price":0.87094014014014,"ft_order_side":"sell","order_filled_timestamp":1735740300000,"ft_is_entry":false,"ft_order_tag":"roi","cost":330.9394860743943}]},{"pair":"ADA/USDT","stake_amount":329.92092,"max_stake_amount":329.92092,"amount":380.4,"open_date":"2025-01-01 14:10:00+00:00","close_date":"2025-01-01 15:40:00+00:00","open_rate":0.8673,"close_rate":0.8690363363363361,"fee_open":0.001,"fee_close":0.001,"trade_duration":90,"profit_ratio":0.0,"profit_abs":0.0,"exit_reason":"roi","initial_stop_loss_abs":0.7806,"initial_stop_loss_ratio":-0.1,"stop_loss_abs":0.7806,"stop_loss_ratio":-0.1,"min_rate":0.859,"max_rate":0.8701,"is_open":false,"enter_tag":"","leverage":1.0,"is_short":false,"open_timestamp":1735740600000,"close_timestamp":1735746000000,"orders":[{"amount":380.4,"safe_price":0.8673,"ft_order_side":"buy","order_filled_timestamp":1735740600000,"ft_is_entry":true,"ft_order_tag":"","cost":330.2508409199999},{"amount":380.4,"safe_price":0.8690363363363361,"ft_order_side":"sell","order_filled_timestamp":1735746000000,"ft_is_entry":false,"ft_order_tag":"roi","cost":330.9120037646846}]},{"pair":"ADA/USDT","stake_amount":329.94192,"max_stake_amount":329.94192,"amount":379.2,"open_date":"2025-01-01 15:45:00+00:00","close_date":"2025-01-01 15:45:00+00:00","open_rate":0.8701,"close_rate":0.8718419419419418,"fee_open":0.001,"fee_close":0.001,"trade_duration":0,"profit_ratio":0.0,"profit_abs":0.0,"exit_reason":"roi","initial_stop_loss_abs":0.7831,"initial_stop_loss_ratio":-0.1,"stop_loss_abs":0.7831,"stop_loss_ratio":-0.1,"min_rate":0.8694,"max_rate":0.8747,"is_open":false,"enter_tag":"","leverage":1.0,"is_short":false,"open_timestamp":1735746300000,"close_timestamp":1735746300000,"orders":[{"amount":379.2,"safe_price":0.8701,"ft_order_side":"buy","order_filled_timestamp":1735746300000,"ft_is_entry":true,"ft_order_tag":"","cost":330.27186191999994},{"amount":379.2,"safe_price":0.8718419419419418,"ft_order_side":"sell","order_filled_timestamp":1735746300000,"ft_is_entry":false,"ft_order_tag":"roi","cost":330.93306684876865}]},{"pair":"ADA/USDT","stake_amount":329.94688,"max_stake_amount":329.94688,"amount":377.6,"open_date":"2025-01-01 15:50:00+00:00","close_date":"2025-01-01 15:50:00+00:00","open_rate":0.8738,"close_rate":0.8755493493493492,"fee_open":0.001,"fee_close":0.001,"trade_duration":0,"profit_ratio":0.0,"profit_abs":0.0,"exit_reason":"roi","initial_stop_loss_abs":0.7865,"initial_stop_loss_ratio":-0.1,"stop_loss_abs":0.7865,"stop_loss_ratio":-0.1,"min_rate":0.8727,"max_rate":0.8756,"is_open":false,"enter_tag":"","leverage":1.0,"is_short":false,"open_timestamp":1735746600000,"close_timestamp":1735746600000,"orders":[{"amount":377.6,"safe_price":0.8738,"ft_order_side":"buy","order_filled_timestamp":1735746600000,"ft_is_entry":true,"ft_order_tag":"","cost":330.27682688},{"amount":377.6,"safe_price":0.8755493493493492,"ft_order_side":"sell","order_filled_timestamp":1735746600000,"ft_is_entry":false,"ft_order_tag":"roi","cost":330.93804174862856}]},{"pair":"ADA/USDT","stake_amount":329.96082,"max_stake_amount":329.96082,"amount":377.4,"open_date":"2025-01-01 15:55:00+00:00","close_date":"2025-01-01 15:55:00+00:00","open_rate":0.8743,"close_rate":0.8760503503503502,"fee_open":0.001,"fee_close":0.001,"trade_duration":0,"profit_ratio":0.0,"profit_abs":0.0,"exit_reason":"roi","initial_stop_loss_abs":0.7869,"initial_stop_loss_ratio":-0.1,"stop_loss_abs":0.7869,"stop_loss_ratio":-0.1,"min_rate":0.8741,"max_rate":0.8787,"is_open":false,"enter_tag":"","leverage":1.0,"is_short":false,"open_timestamp":1735746900000,"close_timestamp":1735746900000,"orders":[{"amount":377.4,"safe_price":0.8743,"ft_order_side":"buy","order_filled_timestamp":1735746900000,"ft_is_entry":true,"ft_order_tag":"","cost":330.2907808199999},{"amount":377.4,"safe_price":0.8760503503503502,"ft_order_side":"sell","order_filled_timestamp":1735746900000,"ft_is_entry":false,"ft_order_tag":"roi","cost":330.9520236244443}]},{"pair":"ADA/USDT","stake_amount":329.9274,"max_stake_amount":329.9274,"amount":376.2,"open_date":"2025-01-01 16:00:00+00:00","close_date":"2025-01-01 16:00:00+00:00","open_rate":0.877,"close_rate":0.8787557557557557,"fee_open":0.001,"fee_close":0.001,"trade_duration":0,"profit_ratio":0.0,"profit_abs":0.0,"exit_reason":"roi","initial_stop_loss_abs":0.7893,"initial_stop_loss_ratio":-0.1,"stop_loss_abs":0.7893,"stop_loss_ratio":-0.1,"min_rate":0.876,"max_rate":0.8818,"is_open":false,"enter_tag":"","leverage":1.0,"is_short":false,"open_timestamp":1735747200000,"close_timestamp":1735747200000,"orders":[{"amount":376.2,"safe_price":0.877,"ft_order_side":"buy","order_filled_timestamp":1735747200000,"ft_is_entry":true,"ft_order_tag":"","cost":330.25732739999995},{"amount":376.2,"safe_price":0.8787557557557557,"ft_order_side":"sell","order_filled_timestamp":1735747200000,"ft_is_entry":false,"ft_order_tag":"roi","cost":330.91850323063056}]},{"pair":"ADA/USDT","stake_amount":329.925,"max_stake_amount":329.925,"amount":375.0,"open_date":"2025-01-01 16:05:00+00:00","close_date":"2025-01-01 16:05:00+00:00","open_rate":0.8798,"close_rate":0.8815613613613613,"fee_open":0.001,"fee_close":0.001,"trade_duration":0,"profit_ratio":0.0,"profit_abs":0.0,"exit_reason":"roi","initial_stop_loss_abs":0.7919,"initial_stop_loss_ratio":-0.1,"stop_loss_abs":0.7919,"stop_loss_ratio":-0.1,"min_rate":0.8784,"max_rate":0.888,"is_open":false,"enter_tag":"","leverage":1.0,"is_short":false,"open_timestamp":1735747500000,"close_timestamp":1735747500000,"orders":[{"amount":375.0,"safe_price":0.8798,"ft_order_side":"buy","order_filled_timestamp":1735747500000,"ft_is_entry":true,"ft_order_tag":"","cost":330.25492499999996},{"amount":375.0,"safe_price":0.8815613613613613,"ft_order_side":"sell","order_filled_timestamp":1735747500000,"ft_is_entry":false,"ft_order_tag":"roi","cost":330.916096021021}]},{"pair":"ADA/USDT","stake_amount":329.9808,"max_stake_amount":329.9808,"amount":371.6,"open_date":"2025-01-01 16:10:00+00:00","close_date":"2025-01-01 16:10:00+00:00","open_rate":0.888,"close_rate":0.8897777777777777,"fee_open":0.001,"fee_close":0.001,"trade_duration":0,"profit_ratio":0.0,"profit_abs":0.0,"exit_reason":"roi","initial_stop_loss_abs":0.7992,"initial_stop_loss_ratio":-0.1,"stop_loss_abs":0.7992,"stop_loss_ratio":-0.1,"min_rate":0.8864,"max_rate":0.8922,"is_open":false,"enter_tag":"","leverage":1.0,"is_short":false,"open_timestamp":1735747800000,"close_timestamp":1735747800000,"orders":[{"amount":371.6,"safe_price":0.888,"ft_order_side":"buy","order_filled_timestamp":1735747800000,"ft_is_entry":true,"ft_order_tag":"","cost":330.31078080000003},{"amount":371.6,"safe_price":0.8897777777777777,"ft_order_side":"sell","order_filled_timestamp":1735747800000,"ft_is_entry":false,"ft_order_tag":"roi","cost":330.9720636444444}]},{"pair":"ADA/USDT","stake_amount":329.9303,"max_stake_amount":329.9303,"amount":371.0,"open_date":"2025-01-01 16:15:00+00:00","close_date":"2025-01-01 16:15:00+00:00","open_rate":0.8893,"close_rate":0.8910803803803802,"fee_open":0.001,"fee_close":0.001,"trade_duration":0,"profit_ratio":0.0,"profit_abs":0.0,"exit_reason":"roi","initial_stop_loss_abs":0.8004,"initial_stop_loss_ratio":-0.1,"stop_loss_abs":0.8004,"stop_loss_ratio":-0.1,"min_rate":0.8859,"max_rate":0.8932,"is_open":false,"enter_tag":"","leverage":1.0,"is_short":false,"open_timestamp":1735748100000,"close_timestamp":1735748100000,"orders":[{"amount":371.0,"safe_price":0.8893,"ft_order_side":"buy","order_filled_timestamp":1735748100000,"ft_is_entry":true,"ft_order_tag":"","cost":330.26023029999993},{"amount":371.0,"safe_price":0.8910803803803802,"ft_order_side":"sell","order_filled_timestamp":1735748100000,"ft_is_entry":false,"ft_order_tag":"roi","cost":330.9214119422421}]},{"pair":"ADA/USDT","stake_amount":329.92256,"max_stake_amount":329.92256,"amount":371.2,"open_date":"2025-01-01 16:20:00+00:00","close_date":"2025-01-01 16:20:00+00:00","open_rate":0.8888,"close_rate":0.8905793793793794,"fee_open":0.001,"fee_close":0.001,"trade_duration":0,"profit_ratio":0.0,"profit_abs":0.0,"exit_reason":"roi","initial_stop_loss_abs":0.8,"initial_stop_loss_ratio":-0.1,"stop_loss_abs":0.8,"stop_loss_ratio":-0.1,"min_rate":0.8867,"max_rate":0.8927,"is_open":false,"enter_tag":"","leverage":1.0,"is_short":false,"open_timestamp":1735748400000,"close_timestamp":1735748400000,"orders":[{"amount":371.2,"safe_price":0.8888,"ft_order_side":"buy","order_filled_timestamp":1735748400000,"ft_is_entry":true,"ft_order_tag":"","cost":330.2524825599999},{"amount":371.2,"safe_price":0.8905793793793794,"ft_order_side":"sell","order_filled_timestamp":1735748400000,"ft_is_entry":false,"ft_order_tag":"roi","cost":330.91364869125124}]},{"pair":"ADA/USDT","stake_amount":329.92224,"max_stake_amount":329.92224,"amount":370.2,"open_date":"2025-01-01 16:25:00+00:00","close_date":"2025-01-01 16:25:00+00:00","open_rate":0.8912,"close_rate":0.892984184184184,"fee_open":0.001,"fee_close":0.001,"trade_duration":0,"profit_ratio":0.0,"profit_abs":0.0,"exit_reason":"roi","initial_stop_loss_abs":0.8021,"initial_stop_loss_ratio":-0.1,"stop_loss_abs":0.8021,"stop_loss_ratio":-0.1,"min_rate":0.8879,"max_rate":0.893,"is_open":false,"enter_tag":"","leverage":1.0,"is_short":false,"open_timestamp":1735748700000,"close_timestamp":1735748700000,"orders":[{"amount":370.2,"safe_price":0.8912,"ft_order_side":"buy","order_filled_timestamp":1735748700000,"ft_is_entry":true,"ft_order_tag":"","cost":330.25216223999996},{"amount":370.2,"safe_price":0.892984184184184,"ft_order_side":"sell","order_filled_timestamp":1735748700000,"ft_is_entry":false,"ft_order_tag":"roi","cost":330.91332772996986}]},{"pair":"ADA/USDT","stake_amount":329.9373,"max_stake_amount":329.9373,"amount":370.3,"open_date":"2025-01-01 16:30:00+00:00","close_date":"2025-01-01 18:25:00+00:00","open_rate":0.891,"close_rate":0.8927837837837836,"fee_open":0.001,"fee_close":0.001,"trade_duration":115,"profit_ratio":0.0,"profit_abs":0.0,"exit_reason":"roi","initial_stop_loss_abs":0.802,"initial_stop_loss_ratio":-0.1,"stop_loss_abs":0.802,"stop_loss_ratio":-0.1,"min_rate":0.8772,"max_rate":0.896,"is_open":false,"enter_tag":"","leverage":1.0,"is_short":false,"open_timestamp":1735749000000,"close_timestamp":1735755900000,"orders":[{"amount":370.3,"safe_price":0.891,"ft_order_side":"buy","order_filled_timestamp":1735749000000,"ft_is_entry":true,"ft_order_tag":"","cost":330.2672373},{"amount":370.3,"safe_price":0.8927837837837836,"ft_order_side":"sell","order_filled_timestamp":1735755900000,"ft_is_entry":false,"ft_order_tag":"roi","cost":330.9284329702702}]},{"pair":"ADA/USDT","stake_amount":329.94192,"max_stake_amount":329.94192,"amount":369.6,"open_date":"2025-01-01 18:30:00+00:00","close_date":"2025-01-01 18:30:00+00:00","open_rate":0.8927,"close_rate":0.8944871871871871,"fee_open":0.001,"fee_close":0.001,"trade_duration":0,"profit_ratio":0.0,"profit_abs":0.0,"exit_reason":"roi","initial_stop_loss_abs":0.8035,"initial_stop_loss_ratio":-0.1,"stop_loss_abs":0.8035,"stop_loss_ratio":-0.1,"min_rate":0.8911,"max_rate":0.9012,"is_open":false,"enter_tag":"","leverage":1.0,"is_short":false,"open_timestamp":1735756200000,"close_timestamp":1735756200000,"orders":[{"amount":369.6,"safe_price":0.8927,"ft_order_side":"buy","order_filled_timestamp":1735756200000,"ft_is_entry":true,"ft_order_tag":"","cost":330.27186192},{"amount":369.6,"safe_price":0.8944871871871871,"ft_order_side":"sell","order_filled_timestamp":1735756200000,"ft_is_entry":false,"ft_order_tag":"roi","cost":330.93306684876876}]},{"pair":"ADA/USDT","stake_amount":329.92932,"max_stake_amount":329.92932,"amount":366.1,"open_date":"2025-01-01 18:35:00+00:00","close_date":"2025-01-01 18:35:00+00:00","open_rate":0.9012,"close_rate":0.9030042042042041,"fee_open":0.001,"fee_close":0.001,"trade_duration":0,"profit_ratio":0.0,"profit_abs":0.0,"exit_reason":"roi","initial_stop_loss_abs":0.8111,"initial_stop_loss_ratio":-0.1,"stop_loss_abs":0.8111,"stop_loss_ratio":-0.1,"min_rate":0.8989,"max_rate":0.9059,"is_open":false,"enter_tag":"","leverage":1.0,"is_short":false,"open_timestamp":1735756500000,"close_timestamp":1735756500000,"orders":[{"amount":366.1,"safe_price":0.9012,"ft_order_side":"buy","order_filled_timestamp":1735756500000,"ft_is_entry":true,"ft_order_tag":"","cost":330.25924932},{"amount":366.1,"safe_price":0.9030042042042041,"ft_order_side":"sell","order_filled_timestamp":1735756500000,"ft_is_entry":false,"ft_order_tag":"roi","cost":330.9204289983183}]},{"pair":"ADA/USDT","stake_amount":329.96,"max_stake_amount":329.96,"amount":365.0,"open_date":"2025-01-01 18:40:00+00:00","close_date":"2025-01-01 18:40:00+00:00","open_rate":0.904,"close_rate":0.9058098098098097,"fee_open":0.001,"fee_close":0.001,"trade_duration":0,"profit_ratio":0.0,"profit_abs":0.0,"exit_reason":"roi","initial_stop_loss_abs":0.8136,"initial_stop_loss_ratio":-0.1,"stop_loss_abs":0.8136,"stop_loss_ratio":-0.1,"min_rate":0.9021,"max_rate":0.906,"is_open":false,"enter_tag":"","leverage":1.0,"is_short":false,"open_timestamp":1735756800000,"close_timestamp":1735756800000,"orders":[{"amount":365.0,"safe_price":0.904,"ft_order_side":"buy","order_filled_timestamp":1735756800000,"ft_is_entry":true,"ft_order_tag":"","cost":330.28996},{"amount":365.0,"safe_price":0.9058098098098097,"ft_order_side":"sell","order_filled_timestamp":1735756800000,"ft_is_entry":false,"ft_order_tag":"roi","cost":330.9512011611611}]},{"pair":"ADA/USDT","stake_amount":329.9652,"max_stake_amount":329.9652,"amount":364.2,"open_date":"2025-01-01 18:45:00+00:00","close_date":"2025-01-01 18:45:00+00:00","open_rate":0.906,"close_rate":0.9078138138138137,"fee_open":0.001,"fee_close":0.001,"trade_duration":0,"profit_ratio":0.0,"profit_abs":0.0,"exit_reason":"roi","initial_stop_loss_abs":0.8154,"initial_stop_loss_ratio":-0.1,"stop_loss_abs":0.8154,"stop_loss_ratio":-0.1,"min_rate":0.906,"max_rate":0.9156,"is_open":false,"enter_tag":"","leverage":1.0,"is_short":false,"open_timestamp":1735757100000,"close_timestamp":1735757100000,"orders":[{"amount":364.2,"safe_price":0.906,"ft_order_side":"buy","order_filled_timestamp":1735757100000,"ft_is_entry":true,"ft_order_tag":"","cost":330.29516519999993},{"amount":364.2,"safe_price":0.9078138138138137,"ft_order_side":"sell","order_filled_timestamp":1735757100000,"ft_is_entry":false,"ft_order_tag":"roi","cost":330.9564167819819}]},{"pair":"ADA/USDT","stake_amount":329.94105,"max_stake_amount":329.94105,"amount":361.5,"open_date":"2025-01-01 18:50:00+00:00","close_date":"2025-01-01 18:50:00+00:00","open_rate":0.9127,"close_rate":0.914527227227227,"fee_open":0.001,"fee_close":0.001,"trade_duration":0,"profit_ratio":0.0,"profit_abs":0.0,"exit_reason":"roi","initial_stop_loss_abs":0.8215,"initial_stop_loss_ratio":-0.1,"stop_loss_abs":0.8215,"stop_loss_ratio":-0.1,"min_rate":0.9111,"max_rate":0.9232,"is_open":false,"enter_tag":"","leverage":1.0,"is_short":false,"open_timestamp":1735757400000,"close_timestamp":1735757400000,"orders":[{"amount":361.5,"safe_price":0.9127,"ft_order_side":"buy","order_filled_timestamp":1735757400000,"ft_is_entry":true,"ft_order_tag":"","cost":330.2709910499999},{"amount":361.5,"safe_price":0.914527227227227,"ft_order_side":"sell","order_filled_timestamp":1735757400000,"ft_is_entry":false,"ft_order_tag":"roi","cost":330.9321942352852}]},{"pair":"ADA/USDT","stake_amount":329.95334,"max_stake_amount":329.95334,"amount":358.1,"open_date":"2025-01-01 18:55:00+00:00","close_date":"2025-01-01 18:55:00+00:00","open_rate":0.9214,"close_rate":0.9232446446446445,"fee_open":0.001,"fee_close":0.001,"trade_duration":0,"profit_ratio":0.0,"profit_abs":0.0,"exit_reason":"roi","initial_stop_loss_abs":0.8293,"initial_stop_loss_ratio":-0.1,"stop_loss_abs":0.8293,"stop_loss_ratio":-0.1,"min_rate":0.9181,"max_rate":0.9248,"is_open":false,"enter_tag":"","leverage":1.0,"is_short":false,"open_timestamp":1735757700000,"close_timestamp":1735757700000,"orders":[{"amount":358.1,"safe_price":0.9214,"ft_order_side":"buy","order_filled_timestamp":1735757700000,"ft_is_entry":true,"ft_order_tag":"","cost":330.28329334},{"amount":358.1,"safe_price":0.9232446446446445,"ft_order_side":"sell","order_filled_timestamp":1735757700000,"ft_is_entry":false,"ft_order_tag":"roi","cost":330.9445211544944}]},{"pair":"ADA/USDT","stake_amount":329.9686,"max_stake_amount":329.9686,"amount":358.0,"open_date":"2025-01-01 19:00:00+00:00","close_date":"2025-01-01 19:00:00+00:00","open_rate":0.9217,"close_rate":0.9235452452452452,"fee_open":0.001,"fee_close":0.001,"trade_duration":0,"profit_ratio":0.0,"profit_abs":0.0,"exit_reason":"roi","initial_stop_loss_abs":0.8296,"initial_stop_loss_ratio":-0.1,"stop_loss_abs":0.8296,"stop_loss_ratio":-0.1,"min_rate":0.9208,"max_rate":0.9329,"is_open":false,"enter_tag":"","leverage":1.0,"is_short":false,"open_timestamp":1735758000000,"close_timestamp":1735758000000,"orders":[{"amount":358.0,"safe_price":0.9217,"ft_order_side":"buy","order_filled_timestamp":1735758000000,"ft_is_entry":true,"ft_order_tag":"","cost":330.29856859999995},{"amount":358.0,"safe_price":0.9235452452452452,"ft_order_side":"sell","order_filled_timestamp":1735758000000,"ft_is_entry":false,"ft_order_tag":"roi","cost":330.9598269955955}]},{"pair":"ADA/USDT","stake_amount":329.9988,"max_stake_amount":329.9988,"amount":354.0,"open_date":"2025-01-01 19:05:00+00:00","close_date":"2025-01-01 19:10:00+00:00","open_rate":0.9322,"close_rate":0.9340662662662662,"fee_open":0.001,"fee_close":0.001,"trade_duration":5,"profit_ratio":0.0,"profit_abs":0.0,"exit_reason":"roi","initial_stop_loss_abs":0.839,"initial_stop_loss_ratio":-0.1,"stop_loss_abs":0.839,"stop_loss_ratio":-0.1,"min_rate":0.9262,"max_rate":0.9355,"is_open":false,"enter_tag":"","leverage":1.0,"is_short":false,"open_timestamp":1735758300000,"close_timestamp":1735758600000,"orders":[{"amount":354.0,"safe_price":0.9322,"ft_order_side":"buy","order_filled_timestamp":1735758300000,"ft_is_entry":true,"ft_order_tag":"","cost":330.32879879999996},{"amount":354.0,"safe_price":0.9340662662662662,"ft_order_side":"sell","order_filled_timestamp":1735758600000,"ft_is_entry":false,"ft_order_tag":"roi","cost":330.9901177165164}]},{"pair":"BTC/USDT","stake_amount":329.4599437,"max_stake_amount":329.4599437,"amount":0.00349,"open_date":"2025-01-01 01:00:00+00:00","close_date":"2025-01-01 19:45:00+00:00","open_rate":94401.13,"close_rate":94590.12125125124,"fee_open":0.001,"fee_close":0.001,"trade_duration":1125,"profit_ratio":0.0,"profit_abs":0.0,"exit_reason":"roi","initial_stop_loss_abs":84961.02,"initial_stop_loss_ratio":-0.1,"stop_loss_abs":84961.02,"stop_loss_ratio":-0.1,"min_rate":92888.0,"max_rate":94823.75,"is_open":false,"enter_tag":"","leverage":1.0,"is_short":false,"open_timestamp":1735693200000,"close_timestamp":1735760700000,"orders":[{"amount":0.00349,"safe_price":94401.13,"ft_order_side":"buy","order_filled_timestamp":1735693200000,"ft_is_entry":true,"ft_order_tag":"","cost":329.7894036437},{"amount":0.00349,"safe_price":94590.12125125124,"ft_order_side":"sell","order_filled_timestamp":1735760700000,"ft_is_entry":false,"ft_order_tag":"roi","cost":330.44964269003367}]},{"pair":"ADA/USDT","stake_amount":329.9764,"max_stake_amount":329.9764,"amount":356.0,"open_date":"2025-01-01 19:15:00+00:00","close_date":"2025-01-01 20:25:00+00:00","open_rate":0.9269,"close_rate":0.9287556556556555,"fee_open":0.001,"fee_close":0.001,"trade_duration":70,"profit_ratio":0.0,"profit_abs":0.0,"exit_reason":"roi","initial_stop_loss_abs":0.8343,"initial_stop_loss_ratio":-0.1,"stop_loss_abs":0.8343,"stop_loss_ratio":-0.1,"min_rate":0.9093,"max_rate":0.9316,"is_open":false,"enter_tag":"","leverage":1.0,"is_short":false,"open_timestamp":1735758900000,"close_timestamp":1735763100000,"orders":[{"amount":356.0,"safe_price":0.9269,"ft_order_side":"buy","order_filled_timestamp":1735758900000,"ft_is_entry":true,"ft_order_tag":"","cost":330.3063763999999},{"amount":356.0,"safe_price":0.9287556556556555,"ft_order_side":"sell","order_filled_timestamp":1735763100000,"ft_is_entry":false,"ft_order_tag":"roi","cost":330.96765042682676}]},{"pair":"ADA/USDT","stake_amount":329.99443,"max_stake_amount":329.99443,"amount":355.1,"open_date":"2025-01-01 20:30:00+00:00","close_date":"2025-01-01 20:30:00+00:00","open_rate":0.9293,"close_rate":0.9311604604604604,"fee_open":0.001,"fee_close":0.001,"trade_duration":0,"profit_ratio":0.0,"profit_abs":0.0,"exit_reason":"roi","initial_stop_loss_abs":0.8364,"initial_stop_loss_ratio":-0.1,"stop_loss_abs":0.8364,"stop_loss_ratio":-0.1,"min_rate":0.9236,"max_rate":0.9324,"is_open":false,"enter_tag":"","leverage":1.0,"is_short":false,"open_timestamp":1735763400000,"close_timestamp":1735763400000,"orders":[{"amount":355.1,"safe_price":0.9293,"ft_order_side":"buy","order_filled_timestamp":1735763400000,"ft_is_entry":true,"ft_order_tag":"","cost":330.32442442999997},{"amount":355.1,"safe_price":0.9311604604604604,"ft_order_side":"sell","order_filled_timestamp":1735763400000,"ft_is_entry":false,"ft_order_tag":"roi","cost":330.985734589019}]},{"pair":"ADA/USDT","stake_amount":329.9604,"max_stake_amount":329.9604,"amount":357.1,"open_date":"2025-01-01 20:35:00+00:00","close_date":"2025-01-01 20:35:00+00:00","open_rate":0.924,"close_rate":0.9258498498498499,"fee_open":0.001,"fee_close":0.001,"trade_duration":0,"profit_ratio":0.0,"profit_abs":0.0,"exit_reason":"roi","initial_stop_loss_abs":0.8316,"initial_stop_loss_ratio":-0.1,"stop_loss_abs":0.8316,"stop_loss_ratio":-0.1,"min_rate":0.9238,"max_rate":0.9271,"is_open":false,"enter_tag":"","leverage":1.0,"is_short":false,"open_timestamp":1735763700000,"close_timestamp":1735763700000,"orders":[{"amount":357.1,"safe_price":0.924,"ft_order_side":"buy","order_filled_timestamp":1735763700000,"ft_is_entry":true,"ft_order_tag":"","cost":330.2903604},{"amount":357.1,"safe_price":0.9258498498498499,"ft_order_side":"sell","order_filled_timestamp":1735763700000,"ft_is_entry":false,"ft_order_tag":"roi","cost":330.95160236276274}]},{"pair":"ADA/USDT","stake_amount":329.99076,"max_stake_amount":329.99076,"amount":356.4,"open_date":"2025-01-01 20:40:00+00:00","close_date":"2025-01-01 20:40:00+00:00","open_rate":0.9259,"close_rate":0.9277536536536535,"fee_open":0.001,"fee_close":0.001,"trade_duration":0,"profit_ratio":0.0,"profit_abs":0.0,"exit_reason":"roi","initial_stop_loss_abs":0.8334,"initial_stop_loss_ratio":-0.1,"stop_loss_abs":0.8334,"stop_loss_ratio":-0.1,"min_rate":0.9214,"max_rate":0.9305,"is_open":false,"enter_tag":"","leverage":1.0,"is_short":false,"open_timestamp":1735764000000,"close_timestamp":1735764000000,"orders":[{"amount":356.4,"safe_price":0.9259,"ft_order_side":"buy","order_filled_timestamp":1735764000000,"ft_is_entry":true,"ft_order_tag":"","cost":330.32075075999995},{"amount":356.4,"safe_price":0.9277536536536535,"ft_order_side":"sell","order_filled_timestamp":1735764000000,"ft_is_entry":false,"ft_order_tag":"roi","cost":330.9820535643242}]},{"pair":"ADA/USDT","stake_amount":329.92176,"max_stake_amount":329.92176,"amount":357.6,"open_date":"2025-01-01 20:45:00+00:00","close_date":"2025-01-01 20:45:00+00:00","open_rate":0.9226,"close_rate":0.9244470470470469,"fee_open":0.001,"fee_close":0.001,"trade_duration":0,"profit_ratio":0.0,"profit_abs":0.0,"exit_reason":"roi","initial_stop_loss_abs":0.8304,"initial_stop_loss_ratio":-0.1,"stop_loss_abs":0.8304,"stop_loss_ratio":-0.1,"min_rate":0.9225,"max_rate":0.9271,"is_open":false,"enter_tag":"","leverage":1.0,"is_short":false,"open_timestamp":1735764300000,"close_timestamp":1735764300000,"orders":[{"amount":357.6,"safe_price":0.9226,"ft_order_side":"buy","order_filled_timestamp":1735764300000,"ft_is_entry":true,"ft_order_tag":"","cost":330.25168176},{"amount":357.6,"safe_price":0.9244470470470469,"ft_order_side":"sell","order_filled_timestamp":1735764300000,"ft_is_entry":false,"ft_order_tag":"roi","cost":330.912846288048}]},{"pair":"ETH/USDT","stake_amount":329.977989,"max_stake_amount":329.977989,"amount":0.0981,"open_date":"2025-01-01 01:00:00+00:00","close_date":"2025-01-01 21:20:00+00:00","open_rate":3363.69,"close_rate":3370.4241141141138,"fee_open":0.001,"fee_close":0.001,"trade_duration":1220,"profit_ratio":0.0,"profit_abs":0.0,"exit_reason":"roi","initial_stop_loss_abs":3027.33,"initial_stop_loss_ratio":-0.1,"stop_loss_abs":3027.33,"stop_loss_ratio":-0.1,"min_rate":3313.88,"max_rate":3371.39,"is_open":false,"enter_tag":"","leverage":1.0,"is_short":false,"open_timestamp":1735693200000,"close_timestamp":1735766400000,"orders":[{"amount":0.0981,"safe_price":3363.69,"ft_order_side":"buy","order_filled_timestamp":1735693200000,"ft_is_entry":true,"ft_order_tag":"","cost":330.307966989},{"amount":0.0981,"safe_price":3370.4241141141138,"ft_order_side":"sell","order_filled_timestamp":1735766400000,"ft_is_entry":false,"ft_order_tag":"roi","cost":330.96924420018917}]},{"pair":"BTC/USDT","stake_amount":329.7036564,"max_stake_amount":329.7036564,"amount":0.00348,"open_date":"2025-01-01 19:50:00+00:00","close_date":"2025-01-01 21:20:00+00:00","open_rate":94742.43,"close_rate":94932.1045345345,"fee_open":0.001,"fee_close":0.001,"trade_duration":90,"profit_ratio":0.0,"profit_abs":0.0,"exit_reason":"roi","initial_stop_loss_abs":85268.19,"initial_stop_loss_ratio":-0.1,"stop_loss_abs":85268.19,"stop_loss_ratio":-0.1,"min_rate":94525.15,"max_rate":95151.15,"is_open":false,"enter_tag":"","leverage":1.0,"is_short":false,"open_timestamp":1735761000000,"close_timestamp":1735766400000,"orders":[{"amount":0.00348,"safe_price":94742.43,"ft_order_side":"buy","order_filled_timestamp":1735761000000,"ft_is_entry":true,"ft_order_tag":"","cost":330.03336005639994},{"amount":0.00348,"safe_price":94932.1045345345,"ft_order_side":"sell","order_filled_timestamp":1735766400000,"ft_is_entry":false,"ft_order_tag":"roi","cost":330.6940875039602}]},{"pair":"ADA/USDT","stake_amount":329.9764,"max_stake_amount":329.9764,"amount":356.5,"open_date":"2025-01-01 20:50:00+00:00","close_date":"2025-01-02 00:00:00+00:00","open_rate":0.9256,"close_rate":0.9274530530530529,"fee_open":0.001,"fee_close":0.001,"trade_duration":190,"profit_ratio":0.0,"profit_abs":0.0,"exit_reason":"roi","initial_stop_loss_abs":0.8331,"initial_stop_loss_ratio":-0.1,"stop_loss_abs":0.8331,"stop_loss_ratio":-0.1,"min_rate":0.9112,"max_rate":0.9319,"is_open":false,"enter_tag":"","leverage":1.0,"is_short":false,"open_timestamp":1735764600000,"close_timestamp":1735776000000,"orders":[{"amount":356.5,"safe_price":0.9256,"ft_order_side":"buy","order_filled_timestamp":1735764600000,"ft_is_entry":true,"ft_order_tag":"","cost":330.3063764},{"amount":356.5,"safe_price":0.9274530530530529,"ft_order_side":"sell","order_filled_timestamp":1735776000000,"ft_is_entry":false,"ft_order_tag":"roi","cost":330.9676504268267}]},{"pair":"BTC/USDT","stake_amount":329.8779443,"max_stake_amount":329.8779443,"amount":0.00347,"open_date":"2025-01-01 21:25:00+00:00","close_date":"2025-01-02 00:00:00+00:00","open_rate":95065.69,"close_rate":94591.78,"fee_open":0.001,"fee_close":0.001,"trade_duration":155,"profit_ratio":-0.006973121061609698,"profit_abs":-2.30257912,"exit_reason":"force_exit","initial_stop_loss_abs":85559.13,"initial_stop_loss_ratio":-0.1,"stop_loss_abs":85559.13,"stop_loss_ratio":-0.1,"min_rate":94469.79,"max_rate":95065.69,"is_open":false,"enter_tag":"","leverage":1.0,"is_short":false,"open_timestamp":1735766700000,"close_timestamp":1735776000000,"orders":[{"amount":0.00347,"safe_price":95065.69,"ft_order_side":"buy","order_filled_timestamp":1735766700000,"ft_is_entry":true,"ft_order_tag":"","cost":330.20782224429996},{"amount":0.00347,"safe_price":94591.78,"ft_order_side":"sell","order_filled_timestamp":1735776000000,"ft_is_entry":false,"ft_order_tag":"force_exit","cost":328.5617100766}]},{"pair":"ETH/USDT","stake_amount":329.823142,"max_stake_amount":329.823142,"amount":0.0979,"open_date":"2025-01-01 21:25:00+00:00","close_date":"2025-01-02 00:00:00+00:00","open_rate":3368.98,"close_rate":3360.39,"fee_open":0.001,"fee_close":0.001,"trade_duration":155,"profit_ratio":-0.0045426407706347415,"profit_abs":-1.49976632,"exit_reason":"force_exit","initial_stop_loss_abs":3032.09,"initial_stop_loss_ratio":-0.1,"stop_loss_abs":3032.09,"stop_loss_ratio":-0.1,"min_rate":3352.66,"max_rate":3374.85,"is_open":false,"enter_tag":"","leverage":1.0,"is_short":false,"open_timestamp":1735766700000,"close_timestamp":1735776000000,"orders":[{"amount":0.0979,"safe_price":3368.98,"ft_order_side":"buy","order_filled_timestamp":1735766700000,"ft_is_entry":true,"ft_order_tag":"","cost":330.15296514199997},{"amount":0.0979,"safe_price":3360.39,"ft_order_side":"sell","order_filled_timestamp":1735776000000,"ft_is_entry":false,"ft_order_tag":"force_exit","cost":329.3111631809999}]}],"locks":[],"best_pair":{"key":"ADA/USDT","trades":37,"profit_mean":0.0,"profit_mean_pct":0.0,"profit_sum":0.0,"profit_sum_pct":0.0,"profit_total_abs":0.0,"profit_total":0.0,"profit_total_pct":0.0,"duration_avg":"0:34:00","wins":0,"draws":37,"losses":0,"winrate":0.0,"cagr":0.0,"expectancy":0.0,"expectancy_ratio":100.0,"sortino":-100,"sharpe":-100,"calmar":-100,"sqn":-100.0,"profit_factor":0.0,"max_drawdown_account":0.0,"max_drawdown_abs":0.0},"worst_pair":{"key":"BTC/USDT","trades":7,"profit_mean":-0.0009961601516585282,"profit_mean_pct":-0.1,"profit_sum":-0.006973121061609698,"profit_sum_pct":-0.7,"profit_total_abs":-2.30257912,"profit_total":-0.00230257912,"profit_total_pct":-0.23,"duration_avg":"3:21:00","wins":0,"draws":6,"losses":1,"winrate":0.0,"cagr":-0.5688979569388507,"expectancy":-0.32893987428571425,"expectancy_ratio":-1.0,"sortino":-100,"sharpe":-54.59700846505542,"calmar":-1910.4973174542645,"sqn":-1.0,"profit_factor":0.0,"max_drawdown_account":0.0023025791200000185,"max_drawdown_abs":2.30257912},"results_per_pair":[{"key":"ADA/USDT","trades":37,"profit_mean":0.0,"profit_mean_pct":0.0,"profit_sum":0.0,"profit_sum_pct":0.0,"profit_total_abs":0.0,"profit_total":0.0,"profit_total_pct":0.0,"duration_avg":"0:34:00","wins":0,"draws":37,"losses":0,"winrate":0.0,"cagr":0.0,"expectancy":0.0,"expectancy_ratio":100.0,"sortino":-100,"sharpe":-100,"calmar":-100,"sqn":-100.0,"profit_factor":0.0,"max_drawdown_account":0.0,"max_drawdown_abs":0.0},{"key":"ETH/USDT","trades":5,"profit_mean":-0.0009085281541269483,"profit_mean_pct":-0.09,"profit_sum":-0.0045426407706347415,"profit_sum_pct":-0.45,"profit_total_abs":-1.49976632,"profit_total":-0.00149976632,"profit_total_pct":-0.15,"duration_avg":"4:43:00","wins":0,"draws":4,"losses":1,"winrate":0.0,"cagr":-0.4217943135864448,"expectancy":-0.299953264,"expectancy_ratio":-1.0,"sortino":-100,"sharpe":-47.762432936357,"calmar":-1910.4973174542176,"sqn":-1.0,"profit_factor":0.0,"max_drawdown_account":0.0014997663200000488,"max_drawdown_abs":1.49976632},{"key":"BTC/USDT","trades":7,"profit_mean":-0.0009961601516585282,"profit_mean_pct":-0.1,"profit_sum":-0.006973121061609698,"profit_sum_pct":-0.7,"profit_total_abs":-2.30257912,"profit_total":-0.00230257912,"profit_total_pct":-0.23,"duration_avg":"3:21:00","wins":0,"draws":6,"losses":1,"winrate":0.0,"cagr":-0.5688979569388507,"expectancy":-0.32893987428571425,"expectancy_ratio":-1.0,"sortino":-100,"sharpe":-54.59700846505542,"calmar":-1910.4973174542645,"sqn":-1.0,"profit_factor":0.0,"max_drawdown_account":0.0023025791200000185,"max_drawdown_abs":2.30257912},{"key":"TOTAL","trades":49,"profit_mean":-0.0002350155475968253,"profit_mean_pct":-0.02,"profit_sum":-0.01151576183224444,"profit_sum_pct":-1.15,"profit_total_abs":-3.80234544,"profit_total":-0.00380234544,"profit_total_pct":-0.38,"duration_avg":"1:23:00","wins":0,"draws":47,"losses":2,"winrate":0.0,"cagr":-0.7510495373086136,"expectancy":-0.07759888653061224,"expectancy_ratio":-1.0,"sortino":-180.97296812294263,"sharpe":-188.7748168969151,"calmar":-1910.4973174543034,"sqn":-1.3971,"profit_factor":0.0,"max_drawdown_account":0.0038023454399999535,"max_drawdown_abs":3.80234544}],"results_per_enter_tag":[{"key":"","trades":49,"profit_mean":-0.0002350155475968253,"profit_mean_pct":-0.02,"profit_sum":-0.01151576183224444,"profit_sum_pct":-1.15,"profit_total_abs":-3.80234544,"profit_total":-0.00380234544,"profit_total_pct":-0.38,"duration_avg":"1:23:00","wins":0,"draws":47,"losses":2,"winrate":0.0,"cagr":-0.7510495373086136,"expectancy":-0.07759888653061224,"expectancy_ratio":-1.0,"sortino":-180.97296812294263,"sharpe":-188.7748168969151,"calmar":-1910.4973174543034,"sqn":-1.3971,"profit_factor":0.0,"max_drawdown_account":0.0038023454399999535,"max_drawdown_abs":3.80234544},{"key":"TOTAL","trades":49,"profit_mean":-0.0002350155475968253,"profit_mean_pct":-0.02,"profit_sum":-0.01151576183224444,"profit_sum_pct":-1.15,"profit_total_abs":-3.80234544,"profit_total":-0.00380234544,"profit_total_pct":-0.38,"duration_avg":"1:23:00","wins":0,"draws":47,"losses":2,"winrate":0.0,"cagr":-0.7510495373086136,"expectancy":-0.07759888653061224,"expectancy_ratio":-1.0,"sortino":-180.97296812294263,"sharpe":-188.7748168969151,"calmar":-1910.4973174543034,"sqn":-1.3971,"profit_factor":0.0,"max_drawdown_account":0.0038023454399999535,"max_drawdown_abs":3.80234544}],"exit_reason_summary":[{"key":"roi","trades":47,"profit_mean":0.0,"profit_mean_pct":0.0,"profit_sum":0.0,"profit_sum_pct":0.0,"profit_total_abs":0.0,"profit_total":0.0,"profit_total_pct":0.0,"duration_avg":"1:20:00","wins":0,"draws":47,"losses":0,"winrate":0.0,"cagr":0.0,"expectancy":0.0,"expectancy_ratio":100.0,"sortino":-100,"sharpe":-100,"calmar":-100,"sqn":-100.0,"profit_factor":0.0,"max_drawdown_account":0.0,"max_drawdown_abs":0.0},{"key":"force_exit","trades":2,"profit_mean":-0.00575788091612222,"profit_mean_pct":-0.58,"profit_sum":-0.01151576183224444,"profit_sum_pct":-1.15,"profit_total_abs":-3.80234544,"profit_total":-0.00380234544,"profit_total_pct":-0.38,"duration_avg":"2:35:00","wins":0,"draws":0,"losses":2,"winrate":0.0,"cagr":-0.7510495373086136,"expectancy":-1.90117272,"expectancy_ratio":-1.0,"sortino":-180.97296812294263,"sharpe":-180.97296812294263,"calmar":-1910.4973174543034,"sqn":-4.7363,"profit_factor":0.0,"max_drawdown_account":0.0038023454399999535,"max_drawdown_abs":3.80234544},{"key":"TOTAL","trades":49,"profit_mean":-0.0002350155475968253,"profit_mean_pct":-0.02,"profit_sum":-0.01151576183224444,"profit_sum_pct":-1.15,"profit_total_abs":-3.80234544,"profit_total":-0.00380234544,"profit_total_pct":-0.38,"duration_avg":"1:23:00","wins":0,"draws":47,"losses":2,"winrate":0.0,"cagr":-0.7510495373086136,"expectancy":-0.07759888653061224,"expectancy_ratio":-1.0,"sortino":-180.97296812294263,"sharpe":-188.7748168969151,"calmar":-1910.4973174543034,"sqn":-1.3971,"profit_factor":0.0,"max_drawdown_account":0.0038023454399999535,"max_drawdown_abs":3.80234544}],"mix_tag_stats":[{"key":["","roi"],"trades":47,"profit_mean":0.0,"profit_mean_pct":0.0,"profit_sum":0.0,"profit_sum_pct":0.0,"profit_total_abs":0.0,"profit_total":0.0,"profit_total_pct":0.0,"duration_avg":"1:20:00","wins":0,"draws":47,"losses":0,"winrate":0.0,"cagr":0.0,"expectancy":0.0,"expectancy_ratio":100.0,"sortino":-100,"sharpe":-100,"calmar":-100,"sqn":-100.0,"profit_factor":0.0,"max_drawdown_account":0.0,"max_drawdown_abs":0.0},{"key":["","force_exit"],"trades":2,"profit_mean":-0.00575788091612222,"profit_mean_pct":-0.58,"profit_sum":-0.01151576183224444,"profit_sum_pct":-1.15,"profit_total_abs":-3.80234544,"profit_total":-0.00380234544,"profit_total_pct":-0.38,"duration_avg":"2:35:00","wins":0,"draws":0,"losses":2,"winrate":0.0,"cagr":-0.7510495373086136,"expectancy":-1.90117272,"expectancy_ratio":-1.0,"sortino":-180.97296812294263,"sharpe":-180.97296812294263,"calmar":-1910.4973174543034,"sqn":-4.7363,"profit_factor":0.0,"max_drawdown_account":0.0038023454399999535,"max_drawdown_abs":3.80234544},{"key":"TOTAL","trades":49,"profit_mean":-0.0002350155475968253,"profit_mean_pct":-0.02,"profit_sum":-0.01151576183224444,"profit_sum_pct":-1.15,"profit_total_abs":-3.80234544,"profit_total":-0.00380234544,"profit_total_pct":-0.38,"duration_avg":"1:23:00","wins":0,"draws":47,"losses":2,"winrate":0.0,"cagr":-0.7510495373086136,"expectancy":-0.07759888653061224,"expectancy_ratio":-1.0,"sortino":-180.97296812294263,"sharpe":-188.7748168969151,"calmar":-1910.4973174543034,"sqn":-1.3971,"profit_factor":0.0,"max_drawdown_account":0.0038023454399999535,"max_drawdown_abs":3.80234544}],"left_open_trades":[{"key":"ETH/USDT","trades":1,"profit_mean":-0.0045426407706347415,"profit_mean_pct":-0.45,"profit_sum":-0.0045426407706347415,"profit_sum_pct":-0.45,"profit_total_abs":-1.49976632,"profit_total":-0.00149976632,"profit_total_pct":-0.15,"duration_avg":"2:35:00","wins":0,"draws":0,"losses":1,"winrate":0.0,"cagr":-0.4217943135864448,"expectancy":-1.49976632,"expectancy_ratio":-1.0,"sortino":-100,"sharpe":-100,"calmar":-1910.4973174542176,"sqn":-100.0,"profit_factor":0.0,"max_drawdown_account":0.0014997663200000488,"max_drawdown_abs":1.49976632},{"key":"BTC/USDT","trades":1,"profit_mean":-0.006973121061609698,"profit_mean_pct":-0.7,"profit_sum":-0.006973121061609698,"profit_sum_pct":-0.7,"profit_total_abs":-2.30257912,"profit_total":-0.00230257912,"profit_total_pct":-0.23,"duration_avg":"2:35:00","wins":0,"draws":0,"losses":1,"winrate":0.0,"cagr":-0.5688979569388507,"expectancy":-2.30257912,"expectancy_ratio":-1.0,"sortino":-100,"sharpe":-100,"calmar":-1910.4973174542645,"sqn":-100.0,"profit_factor":0.0,"max_drawdown_account":0.0023025791200000185,"max_drawdown_abs":2.30257912},{"key":"TOTAL","trades":2,"profit_mean":-0.00575788091612222,"profit_mean_pct":-0.58,"profit_sum":-0.01151576183224444,"profit_sum_pct":-1.15,"profit_total_abs":-3.80234544,"profit_total":-0.00380234544,"profit_total_pct":-0.38,"duration_avg":"2:35:00","wins":0,"draws":0,"losses":2,"winrate":0.0,"cagr":-0.7510495373086136,"expectancy":-1.90117272,"expectancy_ratio":-1.0,"sortino":-180.97296812294263,"sharpe":-180.97296812294263,"calmar":-1910.4973174543034,"sqn":-4.7363,"profit_factor":0.0,"max_drawdown_account":0.0038023454399999535,"max_drawdown_abs":3.80234544}],"total_trades":49,"trade_count_long":49,"trade_count_short":0,"total_volume":32392.234378564215,"avg_stake_amount":329.91139770408165,"profit_mean":-0.0002350155475968253,"profit_median":0.0,"profit_total":-0.00380234544,"profit_total_long":-0.00380234544,"profit_total_short":0.0,"profit_total_abs":-3.80234544,"profit_total_long_abs":-3.80234544,"profit_total_short_abs":0.0,"cagr":-0.7510495373086136,"expectancy":-0.07759888653061224,"expectancy_ratio":-1.0,"sortino":-180.97296812294263,"sharpe":-188.7748168969151,"calmar":-1910.4973174543034,"sqn":-1.3971,"profit_factor":0.0,"backtest_start":"2025-01-01 00:00:00","backtest_start_ts":1735689600000,"backtest_end":"2025-01-02 00:00:00","backtest_end_ts":1735776000000,"backtest_days":1,"backtest_run_start_ts":1746557810,"backtest_run_end_ts":1746557811,"trades_per_day":49.0,"market_change":0.03461638973845017,"pairlist":["BTC/USDT","ETH/USDT","ADA/USDT"],"stake_amount":"unlimited","stake_currency":"USDT","stake_currency_decimals":3,"starting_balance":1000,"dry_run_wallet":1000,"final_balance":996.19765456,"rejected_signals":0,"timedout_entry_orders":0,"timedout_exit_orders":0,"canceled_trade_entries":0,"canceled_entry_orders":0,"replaced_entry_orders":0,"max_open_trades":3,"max_open_trades_setting":3,"timeframe":"5m","timeframe_detail":"","timerange":"20250101-20250102","enable_protections":false,"strategy_name":"DebugUnconditionalStrategy","stoploss":-0.1,"trailing_stop":false,"trailing_stop_positive":null,"trailing_stop_positive_offset":0.0,"trailing_only_offset_is_reached":false,"use_custom_stoploss":false,"minimal_roi":{"0":0},"use_exit_signal":true,"exit_profit_only":false,"exit_profit_offset":0.0,"ignore_roi_if_entry_signal":false,"trading_mode":"spot","margin_mode":"","periodic_breakdown":{"day":[{"date":"01/01/2025","date_ts":1735689600000,"profit_abs":0.0,"wins":0,"draws":46,"losses":0,"trades":46,"profit_factor":0.0},{"date":"02/01/2025","date_ts":1735776000000,"profit_abs":-3.80234544,"wins":0,"draws":1,"losses":2,"trades":3,"profit_factor":0.0}],"week":[{"date":"06/01/2025","date_ts":1736121600000,"profit_abs":-3.80234544,"wins":0,"draws":47,"losses":2,"trades":49,"profit_factor":0.0}],"month":[{"date":"31/01/2025","date_ts":1738281600000,"profit_abs":-3.80234544,"wins":0,"draws":47,"losses":2,"trades":49,"profit_factor":0.0}],"year":[{"date":"31/12/2025","date_ts":1767139200000,"profit_abs":-3.80234544,"wins":0,"draws":47,"losses":2,"trades":49,"profit_factor":0.0}]},"backtest_best_day":0.0,"backtest_worst_day":-0.01151576183224444,"backtest_best_day_abs":0.0,"backtest_worst_day_abs":-3.80234544,"winning_days":0,"draw_days":1,"losing_days":1,"daily_profit":[["2025-01-01",0.0],["2025-01-02",-3.80234544]],"wins":0,"losses":2,"draws":47,"winrate":0.0,"holding_avg":"1:23:00","holding_avg_s":4980.0,"winner_holding_avg":"0:00:00","winner_holding_avg_s":0.0,"loser_holding_avg":"2:35:00","loser_holding_avg_s":9300.0,"max_consecutive_wins":0,"max_consecutive_losses":49,"max_drawdown_account":0.0038023454399999535,"max_relative_drawdown":0.0038023454399999535,"max_drawdown_abs":3.80234544,"drawdown_start":"2025-01-01 00:10:00","drawdown_start_ts":1735690200000.0,"drawdown_end":"2025-01-02 00:00:00","drawdown_end_ts":1735776000000.0,"max_drawdown_low":-3.80234544,"max_drawdown_high":0.0,"csum_min":996.19765456,"csum_max":1000.0}},"strategy_comparison":[{"key":"DebugUnconditionalStrategy","trades":49,"profit_mean":-0.0002350155475968253,"profit_mean_pct":-0.02,"profit_sum":-0.01151576183224444,"profit_sum_pct":-1.15,"profit_total_abs":-3.80234544,"profit_total":-0.00380234544,"profit_total_pct":-0.38,"duration_avg":"1:23:00","wins":0,"draws":47,"losses":2,"winrate":0.0,"cagr":-0.7510495373086136,"expectancy":-0.07759888653061224,"expectancy_ratio":-1.0,"sortino":-180.97296812294263,"sharpe":-188.7748168969151,"calmar":-1910.4973174543034,"sqn":-1.3971,"profit_factor":0.0,"max_drawdown_account":0.0038023454399999535,"max_drawdown_abs":"3.802"}]}