{
  "strategy_name": "HybridAlligatorATRRelaxedStrategy",
  "params": {
    "trailing": {
      "trailing_stop": false,
      "trailing_stop_positive": null,
      "trailing_stop_positive_offset": 0.0,
      "trailing_only_offset_is_reached": false
    },
    "max_open_trades": {
      "max_open_trades": 3
    },
    "buy": {
      "atr_period": 10,
      "donchian_period": 19,
      "high_lookback": 3,
      "vol_multiplier": 2.23,
      "volat_threshold": 0.02
    },
    "sell": {
      "exit_fast_ema": 18,
      "exit_slow_ema": 25,
      "sl_atr_multiplier": 1.748
    },
    "protection": {},
    "roi": {
      "0": 0.216,
      "11": 0.067,
      "53": 0.027,
      "125": 0
    },
    "stoploss": {
      "stoploss": -0.284
    }
  },
  "ft_stratparam_v": 1,
  "export_time": "2025-06-25 02:11:16.474008+00:00"
}