{"strategy":{"HybridAlligatorATRRelaxedStrategy":{"trades":[{"pair":"ADA/USDT","stake_amount":329.97474,"max_stake_amount":329.97474,"amount":385.8,"open_date":"2025-03-02 15:40:00+00:00","close_date":"2025-03-02 16:00:00+00:00","open_rate":0.8553,"close_rate":0.9084,"fee_open":0.001,"fee_close":0.001,"trade_duration":20,"profit_ratio":0.059961434566836176,"profit_abs":19.80554454,"exit_reason":"trailing_stop_loss","initial_stop_loss_abs":0.6586,"initial_stop_loss_ratio":-0.23,"stop_loss_abs":0.9084,"stop_loss_ratio":-0.03,"min_rate":0.7795,"max_rate":0.9364,"is_open":false,"enter_tag":"","leverage":1.0,"is_short":false,"open_timestamp":1740930000000,"close_timestamp":1740931200000,"orders":[{"amount":385.8,"safe_price":0.8553,"ft_order_side":"buy","order_filled_timestamp":1740930000000,"ft_is_entry":true,"ft_order_tag":"","cost":330.30471473999995},{"amount":385.8,"safe_price":0.9084,"ft_order_side":"sell","order_filled_timestamp":1740931200000,"ft_is_entry":false,"ft_order_tag":"trailing_stop_loss","cost":350.8111807199999}]},{"pair":"ADA/USDT","stake_amount":336.45475,"max_stake_amount":336.45475,"amount":317.5,"open_date":"2025-03-02 21:20:00+00:00","close_date":"2025-03-02 22:10:00+00:00","open_rate":1.0597,"close_rate":1.0468,"fee_open":0.001,"fee_close":0.001,"trade_duration":50,"profit_ratio":-0.01414693638908039,"profit_abs":-4.76456375,"exit_reason":"exit_signal","initial_stop_loss_abs":0.816,"initial_stop_loss_ratio":-0.23,"stop_loss_abs":0.8414,"stop_loss_ratio":-0.23,"min_rate":1.0327,"max_rate":1.0926,"is_open":false,"enter_tag":"","leverage":1.0,"is_short":false,"open_timestamp":1740950400000,"close_timestamp":1740953400000,"orders":[{"amount":317.5,"safe_price":1.0597,"ft_order_side":"buy","order_filled_timestamp":1740950400000,"ft_is_entry":true,"ft_order_tag":"","cost":336.79120475},{"amount":317.5,"safe_price":1.0468,"ft_order_side":"sell","order_filled_timestamp":1740953400000,"ft_is_entry":false,"ft_order_tag":"exit_signal","cost":332.6913589999999}]},{"pair":"ADA/USDT","stake_amount":334.89596,"max_stake_amount":334.89596,"amount":305.2,"open_date":"2025-03-02 23:05:00+00:00","close_date":"2025-03-02 23:55:00+00:00","open_rate":1.0973,"close_rate":1.137,"fee_open":0.001,"fee_close":0.001,"trade_duration":50,"profit_ratio":0.03410942470452176,"profit_abs":11.43453164,"exit_reason":"roi","initial_stop_loss_abs":0.845,"initial_stop_loss_ratio":-0.23,"stop_loss_abs":0.8813,"stop_loss_ratio":-0.23,"min_rate":1.0781,"max_rate":1.1445,"is_open":false,"enter_tag":"","leverage":1.0,"is_short":false,"open_timestamp":1740956700000,"close_timestamp":1740959700000,"orders":[{"amount":305.2,"safe_price":1.0973,"ft_order_side":"buy","order_filled_timestamp":1740956700000,"ft_is_entry":true,"ft_order_tag":"","cost":335.23085595999993},{"amount":305.2,"safe_price":1.137,"ft_order_side":"sell","order_filled_timestamp":1740959700000,"ft_is_entry":false,"ft_order_tag":"roi","cost":347.3594124}]},{"pair":"ADA/USDT","stake_amount":338.70711,"max_stake_amount":338.70711,"amount":381.9,"open_date":"2025-03-04 14:40:00+00:00","close_date":"2025-03-04 15:20:00+00:00","open_rate":0.8869,"close_rate":0.8107,"fee_open":0.001,"fee_close":0.001,"trade_duration":40,"profit_ratio":-0.08774357900527706,"profit_abs":-29.74909344,"exit_reason":"exit_signal","initial_stop_loss_abs":0.683,"initial_stop_loss_ratio":-0.23,"stop_loss_abs":0.6853,"stop_loss_ratio":-0.23,"min_rate":0.7941,"max_rate":0.89,"is_open":false,"enter_tag":"","leverage":1.0,"is_short":false,"open_timestamp":1741099200000,"close_timestamp":1741101600000,"orders":[{"amount":381.9,"safe_price":0.8869,"ft_order_side":"buy","order_filled_timestamp":1741099200000,"ft_is_entry":true,"ft_order_tag":"","cost":339.04581711},{"amount":381.9,"safe_price":0.8107,"ft_order_side":"sell","order_filled_timestamp":1741101600000,"ft_is_entry":false,"ft_order_tag":"exit_signal","cost":309.9159363299999}]},{"pair":"ADA/USDT","stake_amount":328.90872,"max_stake_amount":328.90872,"amount":361.2,"open_date":"2025-03-04 17:30:00+00:00","close_date":"2025-03-04 18:45:00+00:00","open_rate":0.9106,"close_rate":0.9179,"fee_open":0.001,"fee_close":0.001,"trade_duration":75,"profit_ratio":0.006002672925580899,"profit_abs":1.9763058,"exit_reason":"exit_signal","initial_stop_loss_abs":0.7012,"initial_stop_loss_ratio":-0.23,"stop_loss_abs":0.7337,"stop_loss_ratio":-0.23,"min_rate":0.9036,"max_rate":0.9528,"is_open":false,"enter_tag":"","leverage":1.0,"is_short":false,"open_timestamp":1741109400000,"close_timestamp":1741113900000,"orders":[{"amount":361.2,"safe_price":0.9106,"ft_order_side":"buy","order_filled_timestamp":1741109400000,"ft_is_entry":true,"ft_order_tag":"","cost":329.2376287199999},{"amount":361.2,"safe_price":0.9179,"ft_order_side":"sell","order_filled_timestamp":1741113900000,"ft_is_entry":false,"ft_order_tag":"exit_signal","cost":331.87702548}]}],"locks":[],"best_pair":{"key":"BTC/USDT","trades":0,"profit_mean":0.0,"profit_mean_pct":0.0,"profit_sum":0.0,"profit_sum_pct":0.0,"profit_total_abs":0.0,"profit_total":0.0,"profit_total_pct":0.0,"duration_avg":"0:00","wins":0,"draws":0,"losses":0,"winrate":0.0,"cagr":0.0,"expectancy":0.0,"expectancy_ratio":100.0,"sortino":0,"sharpe":0,"calmar":0,"sqn":0.0,"profit_factor":0.0,"max_drawdown_account":0.0,"max_drawdown_abs":0.0},"worst_pair":{"key":"ADA/USDT","trades":5,"profit_mean":-0.00036339663948372453,"profit_mean_pct":-0.04,"profit_sum":-0.0018169831974186226,"profit_sum_pct":-0.18,"profit_total_abs":-1.297275210000001,"profit_total":-0.001297275210000001,"profit_total_pct":-0.13,"duration_avg":"0:47:00","wins":3,"draws":0,"losses":2,"winrate":0.6,"cagr":-0.0053095939096655664,"expectancy":-0.2594550419999999,"expectancy_ratio":-0.015034920267746887,"sortino":-0.022291914141699017,"sharpe":-0.016442033374342774,"calmar":-0.9608672743288631,"sqn":-0.0306,"profit_factor":0.9624126993306329,"max_drawdown_account":0.02898178580955554,"max_drawdown_abs":29.74909344},"results_per_pair":[{"key":"BTC/USDT","trades":0,"profit_mean":0.0,"profit_mean_pct":0.0,"profit_sum":0.0,"profit_sum_pct":0.0,"profit_total_abs":0.0,"profit_total":0.0,"profit_total_pct":0.0,"duration_avg":"0:00","wins":0,"draws":0,"losses":0,"winrate":0.0,"cagr":0.0,"expectancy":0.0,"expectancy_ratio":100.0,"sortino":0,"sharpe":0,"calmar":0,"sqn":0.0,"profit_factor":0.0,"max_drawdown_account":0.0,"max_drawdown_abs":0.0},{"key":"ETH/USDT","trades":0,"profit_mean":0.0,"profit_mean_pct":0.0,"profit_sum":0.0,"profit_sum_pct":0.0,"profit_total_abs":0.0,"profit_total":0.0,"profit_total_pct":0.0,"duration_avg":"0:00","wins":0,"draws":0,"losses":0,"winrate":0.0,"cagr":0.0,"expectancy":0.0,"expectancy_ratio":100.0,"sortino":0,"sharpe":0,"calmar":0,"sqn":0.0,"profit_factor":0.0,"max_drawdown_account":0.0,"max_drawdown_abs":0.0},{"key":"ADA/USDT","trades":5,"profit_mean":-0.00036339663948372453,"profit_mean_pct":-0.04,"profit_sum":-0.0018169831974186226,"profit_sum_pct":-0.18,"profit_total_abs":-1.297275210000001,"profit_total":-0.001297275210000001,"profit_total_pct":-0.13,"duration_avg":"0:47:00","wins":3,"draws":0,"losses":2,"winrate":0.6,"cagr":-0.0053095939096655664,"expectancy":-0.2594550419999999,"expectancy_ratio":-0.015034920267746887,"sortino":-0.022291914141699017,"sharpe":-0.016442033374342774,"calmar":-0.9608672743288631,"sqn":-0.0306,"profit_factor":0.9624126993306329,"max_drawdown_account":0.02898178580955554,"max_drawdown_abs":29.74909344},{"key":"TOTAL","trades":5,"profit_mean":-0.00036339663948372453,"profit_mean_pct":-0.04,"profit_sum":-0.0018169831974186226,"profit_sum_pct":-0.18,"profit_total_abs":-1.297275210000001,"profit_total":-0.001297275210000001,"profit_total_pct":-0.13,"duration_avg":"0:47:00","wins":3,"draws":0,"losses":2,"winrate":0.6,"cagr":-0.0053095939096655664,"expectancy":-0.2594550419999999,"expectancy_ratio":-0.015034920267746887,"sortino":-0.022291914141699017,"sharpe":-0.016442033374342774,"calmar":-0.9608672743288631,"sqn":-0.0306,"profit_factor":0.9624126993306329,"max_drawdown_account":0.02898178580955554,"max_drawdown_abs":29.74909344}],"results_per_enter_tag":[{"key":"","trades":5,"profit_mean":-0.00036339663948372453,"profit_mean_pct":-0.04,"profit_sum":-0.0018169831974186226,"profit_sum_pct":-0.18,"profit_total_abs":-1.297275210000001,"profit_total":-0.001297275210000001,"profit_total_pct":-0.13,"duration_avg":"0:47:00","wins":3,"draws":0,"losses":2,"winrate":0.6,"cagr":-0.0053095939096655664,"expectancy":-0.2594550419999999,"expectancy_ratio":-0.015034920267746887,"sortino":-0.022291914141699017,"sharpe":-0.016442033374342774,"calmar":-0.9608672743288631,"sqn":-0.0306,"profit_factor":0.9624126993306329,"max_drawdown_account":0.02898178580955554,"max_drawdown_abs":29.74909344},{"key":"TOTAL","trades":5,"profit_mean":-0.00036339663948372453,"profit_mean_pct":-0.04,"profit_sum":-0.0018169831974186226,"profit_sum_pct":-0.18,"profit_total_abs":-1.297275210000001,"profit_total":-0.001297275210000001,"profit_total_pct":-0.13,"duration_avg":"0:47:00","wins":3,"draws":0,"losses":2,"winrate":0.6,"cagr":-0.0053095939096655664,"expectancy":-0.2594550419999999,"expectancy_ratio":-0.015034920267746887,"sortino":-0.022291914141699017,"sharpe":-0.016442033374342774,"calmar":-0.9608672743288631,"sqn":-0.0306,"profit_factor":0.9624126993306329,"max_drawdown_account":0.02898178580955554,"max_drawdown_abs":29.74909344}],"exit_reason_summary":[{"key":"trailing_stop_loss","trades":1,"profit_mean":0.059961434566836176,"profit_mean_pct":6.0,"profit_sum":0.059961434566836176,"profit_sum_pct":6.0,"profit_total_abs":19.80554454,"profit_total":0.01980554454,"profit_total_pct":1.98,"duration_avg":"0:20:00","wins":1,"draws":0,"losses":0,"winrate":1.0,"cagr":0.08375417191567158,"expectancy":19.80554454,"expectancy_ratio":100.0,"sortino":-100,"sharpe":-100,"calmar":-100,"sqn":-100.0,"profit_factor":0.0,"max_drawdown_account":0.0,"max_drawdown_abs":0.0},{"key":"roi","trades":1,"profit_mean":0.03410942470452176,"profit_mean_pct":3.41,"profit_sum":0.03410942470452176,"profit_sum_pct":3.41,"profit_total_abs":11.43453164,"profit_total":0.011434531639999999,"profit_total_pct":1.14,"duration_avg":"0:50:00","wins":1,"draws":0,"losses":0,"winrate":1.0,"cagr":0.047732542750196005,"expectancy":11.43453164,"expectancy_ratio":100.0,"sortino":-100,"sharpe":-100,"calmar":-100,"sqn":-100.0,"profit_factor":0.0,"max_drawdown_account":0.0,"max_drawdown_abs":0.0},{"key":"exit_signal","trades":3,"profit_mean":-0.031962614156258846,"profit_mean_pct":-3.2,"profit_sum":-0.09588784246877655,"profit_sum_pct":-9.59,"profit_total_abs":-32.53735139,"profit_total":-0.03253735139,"profit_total_pct":-3.25,"duration_avg":"0:55:00","wins":1,"draws":0,"losses":2,"winrate":0.3333333333333333,"cagr":-0.1268595521651077,"expectancy":-10.845783796666664,"expectancy_ratio":-0.6284922943378558,"sortino":-0.5591102319639424,"sharpe":-0.5118011228878281,"calmar":-20.237070377075714,"sqn":-1.1239,"profit_factor":0.0572615584932163,"max_drawdown_account":0.034513657190000005,"max_drawdown_abs":34.513657189999996},{"key":"TOTAL","trades":5,"profit_mean":-0.00036339663948372453,"profit_mean_pct":-0.04,"profit_sum":-0.0018169831974186226,"profit_sum_pct":-0.18,"profit_total_abs":-1.297275210000001,"profit_total":-0.001297275210000001,"profit_total_pct":-0.13,"duration_avg":"0:47:00","wins":3,"draws":0,"losses":2,"winrate":0.6,"cagr":-0.0053095939096655664,"expectancy":-0.2594550419999999,"expectancy_ratio":-0.015034920267746887,"sortino":-0.022291914141699017,"sharpe":-0.016442033374342774,"calmar":-0.9608672743288631,"sqn":-0.0306,"profit_factor":0.9624126993306329,"max_drawdown_account":0.02898178580955554,"max_drawdown_abs":29.74909344}],"mix_tag_stats":[{"key":["","trailing_stop_loss"],"trades":1,"profit_mean":0.059961434566836176,"profit_mean_pct":6.0,"profit_sum":0.059961434566836176,"profit_sum_pct":6.0,"profit_total_abs":19.80554454,"profit_total":0.01980554454,"profit_total_pct":1.98,"duration_avg":"0:20:00","wins":1,"draws":0,"losses":0,"winrate":1.0,"cagr":0.08375417191567158,"expectancy":19.80554454,"expectancy_ratio":100.0,"sortino":-100,"sharpe":-100,"calmar":-100,"sqn":-100.0,"profit_factor":0.0,"max_drawdown_account":0.0,"max_drawdown_abs":0.0},{"key":["","roi"],"trades":1,"profit_mean":0.03410942470452176,"profit_mean_pct":3.41,"profit_sum":0.03410942470452176,"profit_sum_pct":3.41,"profit_total_abs":11.43453164,"profit_total":0.011434531639999999,"profit_total_pct":1.14,"duration_avg":"0:50:00","wins":1,"draws":0,"losses":0,"winrate":1.0,"cagr":0.047732542750196005,"expectancy":11.43453164,"expectancy_ratio":100.0,"sortino":-100,"sharpe":-100,"calmar":-100,"sqn":-100.0,"profit_factor":0.0,"max_drawdown_account":0.0,"max_drawdown_abs":0.0},{"key":["","exit_signal"],"trades":3,"profit_mean":-0.031962614156258846,"profit_mean_pct":-3.2,"profit_sum":-0.09588784246877655,"profit_sum_pct":-9.59,"profit_total_abs":-32.53735139,"profit_total":-0.03253735139,"profit_total_pct":-3.25,"duration_avg":"0:55:00","wins":1,"draws":0,"losses":2,"winrate":0.3333333333333333,"cagr":-0.1268595521651077,"expectancy":-10.845783796666664,"expectancy_ratio":-0.6284922943378558,"sortino":-0.5591102319639424,"sharpe":-0.5118011228878281,"calmar":-20.237070377075714,"sqn":-1.1239,"profit_factor":0.0572615584932163,"max_drawdown_account":0.034513657190000005,"max_drawdown_abs":34.513657189999996},{"key":"TOTAL","trades":5,"profit_mean":-0.00036339663948372453,"profit_mean_pct":-0.04,"profit_sum":-0.0018169831974186226,"profit_sum_pct":-0.18,"profit_total_abs":-1.297275210000001,"profit_total":-0.001297275210000001,"profit_total_pct":-0.13,"duration_avg":"0:47:00","wins":3,"draws":0,"losses":2,"winrate":0.6,"cagr":-0.0053095939096655664,"expectancy":-0.2594550419999999,"expectancy_ratio":-0.015034920267746887,"sortino":-0.022291914141699017,"sharpe":-0.016442033374342774,"calmar":-0.9608672743288631,"sqn":-0.0306,"profit_factor":0.9624126993306329,"max_drawdown_account":0.02898178580955554,"max_drawdown_abs":29.74909344}],"left_open_trades":[{"key":"TOTAL","trades":0,"profit_mean":0.0,"profit_mean_pct":0.0,"profit_sum":0.0,"profit_sum_pct":0.0,"profit_total_abs":0.0,"profit_total":0.0,"profit_total_pct":0.0,"duration_avg":"0:00","wins":0,"draws":0,"losses":0,"winrate":0.0,"cagr":0.0,"expectancy":0.0,"expectancy_ratio":100.0,"sortino":0,"sharpe":0,"calmar":0,"sqn":0.0,"profit_factor":0.0,"max_drawdown_account":0.0,"max_drawdown_abs":0.0}],"total_trades":5,"trade_count_long":5,"trade_count_short":0,"total_volume":3343.2651352099997,"avg_stake_amount":333.788256,"profit_mean":-0.00036339663948372453,"profit_median":0.006002672925580899,"profit_total":-0.001297275210000001,"profit_total_long":-0.001297275210000001,"profit_total_short":0.0,"profit_total_abs":-1.297275210000001,"profit_total_long_abs":-1.297275210000001,"profit_total_short_abs":0.0,"cagr":-0.0053095939096655664,"expectancy":-0.2594550419999999,"expectancy_ratio":-0.015034920267746887,"sortino":-0.022291914141699017,"sharpe":-0.016442033374342774,"calmar":-0.9608672743288631,"sqn":-0.0306,"profit_factor":0.9624126993306329,"backtest_start":"2025-01-01 04:10:00","backtest_start_ts":1735704600000,"backtest_end":"2025-04-01 00:00:00","backtest_end_ts":1743465600000,"backtest_days":89,"backtest_run_start_ts":1746813630,"backtest_run_end_ts":1746813631,"trades_per_day":0.06,"market_change":-0.2645315104797405,"pairlist":["BTC/USDT","ETH/USDT","ADA/USDT"],"stake_amount":"unlimited","stake_currency":"USDT","stake_currency_decimals":3,"starting_balance":1000,"dry_run_wallet":1000,"final_balance":998.70272479,"rejected_signals":0,"timedout_entry_orders":0,"timedout_exit_orders":0,"canceled_trade_entries":0,"canceled_entry_orders":0,"replaced_entry_orders":0,"max_open_trades":3,"max_open_trades_setting":3,"timeframe":"5m","timeframe_detail":"","timerange":"20250101-20250401","enable_protections":false,"strategy_name":"HybridAlligatorATRRelaxedStrategy","stoploss":-0.23,"trailing_stop":true,"trailing_stop_positive":0.03,"trailing_stop_positive_offset":0.05,"trailing_only_offset_is_reached":false,"use_custom_stoploss":true,"minimal_roi":{"0":0.245,"26":0.048,"50":0.021,"121":0},"use_exit_signal":true,"exit_profit_only":false,"exit_profit_offset":0.0,"ignore_roi_if_entry_signal":false,"trading_mode":"spot","margin_mode":"","periodic_breakdown":{"day":[{"date":"02/03/2025","date_ts":1740873600000,"profit_abs":26.47551243,"wins":2,"draws":0,"losses":1,"trades":3,"profit_factor":6.55675479},{"date":"03/03/2025","date_ts":1740960000000,"profit_abs":0.0,"wins":0,"draws":0,"losses":0,"trades":0,"profit_factor":0.0},{"date":"04/03/2025","date_ts":1741046400000,"profit_abs":-27.77278764,"wins":1,"draws":0,"losses":1,"trades":2,"profit_factor":0.06643247}],"week":[{"date":"03/03/2025","date_ts":1740960000000,"profit_abs":26.47551243,"wins":2,"draws":0,"losses":1,"trades":3,"profit_factor":6.55675479},{"date":"10/03/2025","date_ts":1741564800000,"profit_abs":-27.77278764,"wins":1,"draws":0,"losses":1,"trades":2,"profit_factor":0.06643247}],"month":[{"date":"31/03/2025","date_ts":1743379200000,"profit_abs":-1.29727521,"wins":3,"draws":0,"losses":2,"trades":5,"profit_factor":0.9624127}],"year":[{"date":"31/12/2025","date_ts":1767139200000,"profit_abs":-1.29727521,"wins":3,"draws":0,"losses":2,"trades":5,"profit_factor":0.9624127}]},"backtest_best_day":0.07992392288227754,"backtest_worst_day":-0.08174090607969615,"backtest_best_day_abs":26.47551243,"backtest_worst_day_abs":-27.77278764,"winning_days":1,"draw_days":1,"losing_days":1,"daily_profit":[["2025-03-02",26.47551243],["2025-03-03",0.0],["2025-03-04",-27.77278764]],"wins":3,"losses":2,"draws":0,"winrate":0.6,"holding_avg":"0:47:00","holding_avg_s":2820.0,"winner_holding_avg":"0:48:00","winner_holding_avg_s":2880.0,"loser_holding_avg":"0:45:00","loser_holding_avg_s":2700.0,"max_consecutive_wins":1,"max_consecutive_losses":1,"max_drawdown_account":0.02898178580955554,"max_relative_drawdown":0.02898178580955554,"max_drawdown_abs":29.74909344,"drawdown_start":"2025-03-02 23:55:00","drawdown_start_ts":1740959700000.0,"drawdown_end":"2025-03-04 15:20:00","drawdown_end_ts":1741101600000.0,"max_drawdown_low":-3.273581010000001,"max_drawdown_high":26.47551243,"csum_min":996.72641899,"csum_max":1026.47551243}},"strategy_comparison":[{"key":"HybridAlligatorATRRelaxedStrategy","trades":5,"profit_mean":-0.00036339663948372453,"profit_mean_pct":-0.04,"profit_sum":-0.0018169831974186226,"profit_sum_pct":-0.18,"profit_total_abs":-1.297275210000001,"profit_total":-0.001297275210000001,"profit_total_pct":-0.13,"duration_avg":"0:47:00","wins":3,"draws":0,"losses":2,"winrate":0.6,"cagr":-0.0053095939096655664,"expectancy":-0.2594550419999999,"expectancy_ratio":-0.015034920267746887,"sortino":-0.022291914141699017,"sharpe":-0.016442033374342774,"calmar":-0.9608672743288631,"sqn":-0.0306,"profit_factor":0.9624126993306329,"max_drawdown_account":0.02898178580955554,"max_drawdown_abs":"29.749"}]}