{
  "strategy_name": "HybridAlligatorATRRelaxedStrategy",
  "params": {
    "trailing": {
      "trailing_stop": true,
      "trailing_stop_positive": 0.03,
      "trailing_stop_positive_offset": 0.05,
      "trailing_only_offset_is_reached": false
    },
    "max_open_trades": {
      "max_open_trades": 3
    },
    "buy": {
      "atr_period": 19,
      "high_lookback": 2,
      "vol_multiplier": 2.1513772024173994,
      "volat_threshold": 0.012441624126289859
    },
    "sell": {
      "stoploss_param": -0.09896361078850112
    },
    "protection": {},
    "roi": {
      "0": 0.245,
      "26": 0.048,
      "50": 0.021,
      "121": 0
    },
    "stoploss": {
      "stoploss": -0.23
    }
  },
  "ft_stratparam_v": 1,
  "export_time": "2025-05-06 19:46:02.855493+00:00"
}