{"strategy":{"HybridAlligatorATRRelaxedStrategy":{"trades":[{"pair":"ADA/USDT","stake_amount":99.98457,"max_stake_amount":99.98457,"amount":116.9,"open_date":"2025-03-02 15:40:00+00:00","close_date":"2025-03-02 16:00:00+00:00","open_rate":0.8553,"close_rate":0.9084,"fee_open":0.001,"fee_close":0.001,"trade_duration":20,"profit_ratio":0.05996143456683618,"profit_abs":6.00121347,"exit_reason":"trailing_stop_loss","initial_stop_loss_abs":0.6586,"initial_stop_loss_ratio":-0.23,"stop_loss_abs":0.9084,"stop_loss_ratio":-0.03,"min_rate":0.7795,"max_rate":0.9364,"is_open":false,"enter_tag":"","leverage":1.0,"is_short":false,"open_timestamp":1740930000000,"close_timestamp":1740931200000,"orders":[{"amount":116.9,"safe_price":0.8553,"ft_order_side":"buy","order_filled_timestamp":1740930000000,"ft_is_entry":true,"ft_order_tag":"","cost":100.08455457},{"amount":116.9,"safe_price":0.9084,"ft_order_side":"sell","order_filled_timestamp":1740931200000,"ft_is_entry":false,"ft_order_tag":"trailing_stop_loss","cost":106.29815196}]},{"pair":"ADA/USDT","stake_amount":99.95363,"max_stake_amount":99.95363,"amount":112.7,"open_date":"2025-03-04 14:40:00+00:00","close_date":"2025-03-04 15:20:00+00:00","open_rate":0.8869,"close_rate":0.8107,"fee_open":0.001,"fee_close":0.001,"trade_duration":40,"profit_ratio":-0.08774357900527706,"profit_abs":-8.77905952,"exit_reason":"exit_signal","initial_stop_loss_abs":0.683,"initial_stop_loss_ratio":-0.23,"stop_loss_abs":0.6853,"stop_loss_ratio":-0.23,"min_rate":0.7941,"max_rate":0.89,"is_open":false,"enter_tag":"","leverage":1.0,"is_short":false,"open_timestamp":1741099200000,"close_timestamp":1741101600000,"orders":[{"amount":112.7,"safe_price":0.8869,"ft_order_side":"buy","order_filled_timestamp":1741099200000,"ft_is_entry":true,"ft_order_tag":"","cost":100.05358362999999},{"amount":112.7,"safe_price":0.8107,"ft_order_side":"sell","order_filled_timestamp":1741101600000,"ft_is_entry":false,"ft_order_tag":"exit_signal","cost":91.45725588999998}]},{"pair":"ADA/USDT","stake_amount":99.98388,"max_stake_amount":99.98388,"amount":109.8,"open_date":"2025-03-04 17:30:00+00:00","close_date":"2025-03-04 18:45:00+00:00","open_rate":0.9106,"close_rate":0.9179,"fee_open":0.001,"fee_close":0.001,"trade_duration":75,"profit_ratio":0.006002672925580899,"profit_abs":0.6007707,"exit_reason":"exit_signal","initial_stop_loss_abs":0.7012,"initial_stop_loss_ratio":-0.23,"stop_loss_abs":0.7337,"stop_loss_ratio":-0.23,"min_rate":0.9036,"max_rate":0.9528,"is_open":false,"enter_tag":"","leverage":1.0,"is_short":false,"open_timestamp":1741109400000,"close_timestamp":1741113900000,"orders":[{"amount":109.8,"safe_price":0.9106,"ft_order_side":"buy","order_filled_timestamp":1741109400000,"ft_is_entry":true,"ft_order_tag":"","cost":100.08386387999998},{"amount":109.8,"safe_price":0.9179,"ft_order_side":"sell","order_filled_timestamp":1741113900000,"ft_is_entry":false,"ft_order_tag":"exit_signal","cost":100.88620542}]}],"locks":[],"best_pair":{"key":"BTC/USDT","trades":0,"profit_mean":0.0,"profit_mean_pct":0.0,"profit_sum":0.0,"profit_sum_pct":0.0,"profit_total_abs":0.0,"profit_total":0.0,"profit_total_pct":0.0,"duration_avg":"0:00","wins":0,"draws":0,"losses":0,"winrate":0.0,"cagr":0.0,"expectancy":0.0,"expectancy_ratio":100.0,"sortino":0,"sharpe":0,"calmar":0,"sqn":0.0,"profit_factor":0.0,"max_drawdown_account":0.0,"max_drawdown_abs":0.0},"worst_pair":{"key":"ADA/USDT","trades":3,"profit_mean":-0.007259823837619993,"profit_mean_pct":-0.73,"profit_sum":-0.02177947151285998,"profit_sum_pct":-2.18,"profit_total_abs":-2.177075350000001,"profit_total":-0.002177075350000001,"profit_total_pct":-0.22,"duration_avg":"0:45:00","wins":2,"draws":0,"losses":1,"winrate":0.6666666666666666,"cagr":-0.008898361320205828,"expectancy":-0.7256917833333336,"expectancy_ratio":-0.08266167710562855,"sortino":-100,"sharpe":-0.0765312080362959,"calmar":-5.3552579824017075,"sqn":-0.1681,"profit_factor":0.7520149686831146,"max_drawdown_account":0.008726688797639142,"max_drawdown_abs":8.77905952},"results_per_pair":[{"key":"BTC/USDT","trades":0,"profit_mean":0.0,"profit_mean_pct":0.0,"profit_sum":0.0,"profit_sum_pct":0.0,"profit_total_abs":0.0,"profit_total":0.0,"profit_total_pct":0.0,"duration_avg":"0:00","wins":0,"draws":0,"losses":0,"winrate":0.0,"cagr":0.0,"expectancy":0.0,"expectancy_ratio":100.0,"sortino":0,"sharpe":0,"calmar":0,"sqn":0.0,"profit_factor":0.0,"max_drawdown_account":0.0,"max_drawdown_abs":0.0},{"key":"ETH/USDT","trades":0,"profit_mean":0.0,"profit_mean_pct":0.0,"profit_sum":0.0,"profit_sum_pct":0.0,"profit_total_abs":0.0,"profit_total":0.0,"profit_total_pct":0.0,"duration_avg":"0:00","wins":0,"draws":0,"losses":0,"winrate":0.0,"cagr":0.0,"expectancy":0.0,"expectancy_ratio":100.0,"sortino":0,"sharpe":0,"calmar":0,"sqn":0.0,"profit_factor":0.0,"max_drawdown_account":0.0,"max_drawdown_abs":0.0},{"key":"ADA/USDT","trades":3,"profit_mean":-0.007259823837619993,"profit_mean_pct":-0.73,"profit_sum":-0.02177947151285998,"profit_sum_pct":-2.18,"profit_total_abs":-2.177075350000001,"profit_total":-0.002177075350000001,"profit_total_pct":-0.22,"duration_avg":"0:45:00","wins":2,"draws":0,"losses":1,"winrate":0.6666666666666666,"cagr":-0.008898361320205828,"expectancy":-0.7256917833333336,"expectancy_ratio":-0.08266167710562855,"sortino":-100,"sharpe":-0.0765312080362959,"calmar":-5.3552579824017075,"sqn":-0.1681,"profit_factor":0.7520149686831146,"max_drawdown_account":0.008726688797639142,"max_drawdown_abs":8.77905952},{"key":"TOTAL","trades":3,"profit_mean":-0.007259823837619993,"profit_mean_pct":-0.73,"profit_sum":-0.02177947151285998,"profit_sum_pct":-2.18,"profit_total_abs":-2.177075350000001,"profit_total":-0.002177075350000001,"profit_total_pct":-0.22,"duration_avg":"0:45:00","wins":2,"draws":0,"losses":1,"winrate":0.6666666666666666,"cagr":-0.008898361320205828,"expectancy":-0.7256917833333336,"expectancy_ratio":-0.08266167710562855,"sortino":-100,"sharpe":-0.0765312080362959,"calmar":-5.3552579824017075,"sqn":-0.1681,"profit_factor":0.7520149686831146,"max_drawdown_account":0.008726688797639142,"max_drawdown_abs":8.77905952}],"results_per_enter_tag":[{"key":"","trades":3,"profit_mean":-0.007259823837619993,"profit_mean_pct":-0.73,"profit_sum":-0.02177947151285998,"profit_sum_pct":-2.18,"profit_total_abs":-2.177075350000001,"profit_total":-0.002177075350000001,"profit_total_pct":-0.22,"duration_avg":"0:45:00","wins":2,"draws":0,"losses":1,"winrate":0.6666666666666666,"cagr":-0.008898361320205828,"expectancy":-0.7256917833333336,"expectancy_ratio":-0.08266167710562855,"sortino":-100,"sharpe":-0.0765312080362959,"calmar":-5.3552579824017075,"sqn":-0.1681,"profit_factor":0.7520149686831146,"max_drawdown_account":0.008726688797639142,"max_drawdown_abs":8.77905952},{"key":"TOTAL","trades":3,"profit_mean":-0.007259823837619993,"profit_mean_pct":-0.73,"profit_sum":-0.02177947151285998,"profit_sum_pct":-2.18,"profit_total_abs":-2.177075350000001,"profit_total":-0.002177075350000001,"profit_total_pct":-0.22,"duration_avg":"0:45:00","wins":2,"draws":0,"losses":1,"winrate":0.6666666666666666,"cagr":-0.008898361320205828,"expectancy":-0.7256917833333336,"expectancy_ratio":-0.08266167710562855,"sortino":-100,"sharpe":-0.0765312080362959,"calmar":-5.3552579824017075,"sqn":-0.1681,"profit_factor":0.7520149686831146,"max_drawdown_account":0.008726688797639142,"max_drawdown_abs":8.77905952}],"exit_reason_summary":[{"key":"trailing_stop_loss","trades":1,"profit_mean":0.05996143456683618,"profit_mean_pct":6.0,"profit_sum":0.05996143456683618,"profit_sum_pct":6.0,"profit_total_abs":6.00121347,"profit_total":0.00600121347,"profit_total_pct":0.6,"duration_avg":"0:20:00","wins":1,"draws":0,"losses":0,"winrate":1.0,"cagr":0.024841700588013937,"expectancy":6.00121347,"expectancy_ratio":100.0,"sortino":-100,"sharpe":-100,"calmar":-100,"sqn":-100.0,"profit_factor":0.0,"max_drawdown_account":0.0,"max_drawdown_abs":0.0},{"key":"exit_signal","trades":2,"profit_mean":-0.04087045303984808,"profit_mean_pct":-4.09,"profit_sum":-0.08174090607969615,"profit_sum_pct":-8.17,"profit_total_abs":-8.17828882,"profit_total":-0.00817828882,"profit_total_pct":-0.82,"duration_avg":"0:58:00","wins":1,"draws":0,"losses":1,"winrate":0.5,"cagr":-0.033117282949299054,"expectancy":-4.08914441,"expectancy_ratio":-0.4657838804583022,"sortino":-100,"sharpe":-0.3743293564041592,"calmar":-19.997277620877036,"sqn":-0.8719,"profit_factor":0.06843223908339557,"max_drawdown_account":0.008779059520000033,"max_drawdown_abs":8.77905952},{"key":"TOTAL","trades":3,"profit_mean":-0.007259823837619993,"profit_mean_pct":-0.73,"profit_sum":-0.02177947151285998,"profit_sum_pct":-2.18,"profit_total_abs":-2.177075350000001,"profit_total":-0.002177075350000001,"profit_total_pct":-0.22,"duration_avg":"0:45:00","wins":2,"draws":0,"losses":1,"winrate":0.6666666666666666,"cagr":-0.008898361320205828,"expectancy":-0.7256917833333336,"expectancy_ratio":-0.08266167710562855,"sortino":-100,"sharpe":-0.0765312080362959,"calmar":-5.3552579824017075,"sqn":-0.1681,"profit_factor":0.7520149686831146,"max_drawdown_account":0.008726688797639142,"max_drawdown_abs":8.77905952}],"mix_tag_stats":[{"key":["","trailing_stop_loss"],"trades":1,"profit_mean":0.05996143456683618,"profit_mean_pct":6.0,"profit_sum":0.05996143456683618,"profit_sum_pct":6.0,"profit_total_abs":6.00121347,"profit_total":0.00600121347,"profit_total_pct":0.6,"duration_avg":"0:20:00","wins":1,"draws":0,"losses":0,"winrate":1.0,"cagr":0.024841700588013937,"expectancy":6.00121347,"expectancy_ratio":100.0,"sortino":-100,"sharpe":-100,"calmar":-100,"sqn":-100.0,"profit_factor":0.0,"max_drawdown_account":0.0,"max_drawdown_abs":0.0},{"key":["","exit_signal"],"trades":2,"profit_mean":-0.04087045303984808,"profit_mean_pct":-4.09,"profit_sum":-0.08174090607969615,"profit_sum_pct":-8.17,"profit_total_abs":-8.17828882,"profit_total":-0.00817828882,"profit_total_pct":-0.82,"duration_avg":"0:58:00","wins":1,"draws":0,"losses":1,"winrate":0.5,"cagr":-0.033117282949299054,"expectancy":-4.08914441,"expectancy_ratio":-0.4657838804583022,"sortino":-100,"sharpe":-0.3743293564041592,"calmar":-19.997277620877036,"sqn":-0.8719,"profit_factor":0.06843223908339557,"max_drawdown_account":0.008779059520000033,"max_drawdown_abs":8.77905952},{"key":"TOTAL","trades":3,"profit_mean":-0.007259823837619993,"profit_mean_pct":-0.73,"profit_sum":-0.02177947151285998,"profit_sum_pct":-2.18,"profit_total_abs":-2.177075350000001,"profit_total":-0.002177075350000001,"profit_total_pct":-0.22,"duration_avg":"0:45:00","wins":2,"draws":0,"losses":1,"winrate":0.6666666666666666,"cagr":-0.008898361320205828,"expectancy":-0.7256917833333336,"expectancy_ratio":-0.08266167710562855,"sortino":-100,"sharpe":-0.0765312080362959,"calmar":-5.3552579824017075,"sqn":-0.1681,"profit_factor":0.7520149686831146,"max_drawdown_account":0.008726688797639142,"max_drawdown_abs":8.77905952}],"left_open_trades":[{"key":"TOTAL","trades":0,"profit_mean":0.0,"profit_mean_pct":0.0,"profit_sum":0.0,"profit_sum_pct":0.0,"profit_total_abs":0.0,"profit_total":0.0,"profit_total_pct":0.0,"duration_avg":"0:00","wins":0,"draws":0,"losses":0,"winrate":0.0,"cagr":0.0,"expectancy":0.0,"expectancy_ratio":100.0,"sortino":0,"sharpe":0,"calmar":0,"sqn":0.0,"profit_factor":0.0,"max_drawdown_account":0.0,"max_drawdown_abs":0.0}],"total_trades":3,"trade_count_long":3,"trade_count_short":0,"total_volume":598.8636153499999,"avg_stake_amount":99.97402666666666,"profit_mean":-0.007259823837619993,"profit_median":0.006002672925580899,"profit_total":-0.002177075350000001,"profit_total_long":-0.002177075350000001,"profit_total_short":0.0,"profit_total_abs":-2.177075350000001,"profit_total_long_abs":-2.177075350000001,"profit_total_short_abs":0.0,"cagr":-0.008898361320205828,"expectancy":-0.7256917833333336,"expectancy_ratio":-0.08266167710562855,"sortino":-100,"sharpe":-0.0765312080362959,"calmar":-5.3552579824017075,"sqn":-0.1681,"profit_factor":0.7520149686831146,"backtest_start":"2025-01-01 04:10:00","backtest_start_ts":1735704600000,"backtest_end":"2025-04-01 00:00:00","backtest_end_ts":1743465600000,"backtest_days":89,"backtest_run_start_ts":1746820260,"backtest_run_end_ts":1746820260,"trades_per_day":0.03,"market_change":-0.2645315104797405,"pairlist":["BTC/USDT","ETH/USDT","ADA/USDT"],"stake_amount":100,"stake_currency":"USDT","stake_currency_decimals":3,"starting_balance":1000,"dry_run_wallet":1000,"final_balance":997.82292465,"rejected_signals":0,"timedout_entry_orders":0,"timedout_exit_orders":0,"canceled_trade_entries":0,"canceled_entry_orders":0,"replaced_entry_orders":0,"max_open_trades":3,"max_open_trades_setting":3,"timeframe":"5m","timeframe_detail":"","timerange":"20250101-20250401","enable_protections":false,"strategy_name":"HybridAlligatorATRRelaxedStrategy","stoploss":-0.23,"trailing_stop":true,"trailing_stop_positive":0.03,"trailing_stop_positive_offset":0.05,"trailing_only_offset_is_reached":false,"use_custom_stoploss":true,"minimal_roi":{"0":0.245,"26":0.048,"50":0.021,"121":0},"use_exit_signal":true,"exit_profit_only":false,"exit_profit_offset":0.0,"ignore_roi_if_entry_signal":false,"trading_mode":"spot","margin_mode":"","periodic_breakdown":{"day":[{"date":"02/03/2025","date_ts":1740873600000,"profit_abs":6.00121347,"wins":1,"draws":0,"losses":0,"trades":1,"profit_factor":0.0},{"date":"03/03/2025","date_ts":1740960000000,"profit_abs":0.0,"wins":0,"draws":0,"losses":0,"trades":0,"profit_factor":0.0},{"date":"04/03/2025","date_ts":1741046400000,"profit_abs":-8.17828882,"wins":1,"draws":0,"losses":1,"trades":2,"profit_factor":0.06843224}],"week":[{"date":"03/03/2025","date_ts":1740960000000,"profit_abs":6.00121347,"wins":1,"draws":0,"losses":0,"trades":1,"profit_factor":0.0},{"date":"10/03/2025","date_ts":1741564800000,"profit_abs":-8.17828882,"wins":1,"draws":0,"losses":1,"trades":2,"profit_factor":0.06843224}],"month":[{"date":"31/03/2025","date_ts":1743379200000,"profit_abs":-2.17707535,"wins":2,"draws":0,"losses":1,"trades":3,"profit_factor":0.75201497}],"year":[{"date":"31/12/2025","date_ts":1767139200000,"profit_abs":-2.17707535,"wins":2,"draws":0,"losses":1,"trades":3,"profit_factor":0.75201497}]},"backtest_best_day":0.05996143456683618,"backtest_worst_day":-0.08174090607969615,"backtest_best_day_abs":6.00121347,"backtest_worst_day_abs":-8.17828882,"winning_days":1,"draw_days":1,"losing_days":1,"daily_profit":[["2025-03-02",6.00121347],["2025-03-03",0.0],["2025-03-04",-8.17828882]],"wins":2,"losses":1,"draws":0,"winrate":0.6666666666666666,"holding_avg":"0:45:00","holding_avg_s":2700.0,"winner_holding_avg":"0:48:00","winner_holding_avg_s":2880.0,"loser_holding_avg":"0:40:00","loser_holding_avg_s":2400.0,"max_consecutive_wins":1,"max_consecutive_losses":1,"max_drawdown_account":0.008726688797639142,"max_relative_drawdown":0.008726688797639142,"max_drawdown_abs":8.77905952,"drawdown_start":"2025-03-02 16:00:00","drawdown_start_ts":1740931200000.0,"drawdown_end":"2025-03-04 15:20:00","drawdown_end_ts":1741101600000.0,"max_drawdown_low":-2.777846050000001,"max_drawdown_high":6.00121347,"csum_min":997.22215395,"csum_max":1006.00121347}},"strategy_comparison":[{"key":"HybridAlligatorATRRelaxedStrategy","trades":3,"profit_mean":-0.007259823837619993,"profit_mean_pct":-0.73,"profit_sum":-0.02177947151285998,"profit_sum_pct":-2.18,"profit_total_abs":-2.177075350000001,"profit_total":-0.002177075350000001,"profit_total_pct":-0.22,"duration_avg":"0:45:00","wins":2,"draws":0,"losses":1,"winrate":0.6666666666666666,"cagr":-0.008898361320205828,"expectancy":-0.7256917833333336,"expectancy_ratio":-0.08266167710562855,"sortino":-100,"sharpe":-0.0765312080362959,"calmar":-5.3552579824017075,"sqn":-0.1681,"profit_factor":0.7520149686831146,"max_drawdown_account":0.008726688797639142,"max_drawdown_abs":"8.779"}]}