{
  "strategy_name": "HybridAlligatorATRStrategy",
  "params": {
    "roi": {
      "0": 0.02,
      "10": 0.01,
      "30": 0
    },
    "stoploss": {
      "stoploss": -0.05
    },
    "trailing": {
      "trailing_stop": true,
      "trailing_stop_positive": 0.03,
      "trailing_stop_positive_offset": 0.05,
      "trailing_only_offset_is_reached": false
    },
    "max_open_trades": {
      "max_open_trades": 3
    },
    "buy": {
      "atr_period": 18,
      "high_lookback": 7,
      "vol_multiplier": 1.6803486470219737,
      "volat_threshold": 0.009278331369566784
    },
    "sell": {
      "stoploss_param": -0.04678226537707991
    },
    "protection": {}
  },
  "ft_stratparam_v": 1,
  "export_time": "2025-05-06 17:09:49.258604+00:00"
}