{
  "strategy_name": "HybridAlligatorATRRelaxedStrategy",
  "params": {
    "trailing": {
      "trailing_stop": false,
      "trailing_stop_positive": null,
      "trailing_stop_positive_offset": 0.0,
      "trailing_only_offset_is_reached": false
    },
    "max_open_trades": {
      "max_open_trades": 3
    },
    "buy": {
      "atr_period": 11,
      "donchian_period": 11,
      "ema_fast_period": 30,
      "ema_slow_period": 68,
      "high_lookback": 4,
      "rsi_period": 15,
      "rsi_threshold": 61,
      "supertrend_atr_multiplier": 1.3494330154785,
      "supertrend_atr_period": 20,
      "trend_ema_fast_period": 23,
      "trend_ema_slow_period": 79,
      "trend_vol_ma_period": 18,
      "vol_multiplier": 2.464636295563,
      "volat_threshold": 0.0260881889004,
      "vwaprev_period": 36,
      "vwaprev_threshold": 0.98725649352,
      "vwmacd_fastperiod": 11,
      "vwmacd_signalperiod": 15,
      "vwmacd_slowperiod": 24,
      "vwmacd_vwap_period": 15
    },
    "sell": {
      "exit_fast_ema": 16,
      "exit_slow_ema": 18,
      "sl_atr_multiplier": 1.6453471645084
    },
    "protection": {},
    "roi": {
      "0": 0.165,
      "36": 0.059,
      "89": 0.024,
      "160": 0
    },
    "stoploss": {
      "stoploss": -0.311
    }
  },
  "ft_stratparam_v": 1,
  "export_time": "2025-06-25 08:33:21.365198+00:00"
}