{"strategy":{"HybridAlligatorATRRelaxedStrategy":{"trades":[{"pair":"ADA/USDT","stake_amount":99.9845,"max_stake_amount":99.9845,"amount":116.6,"open_date":"2025-01-01 05:45:00+00:00","close_date":"2025-02-03 01:50:00+00:00","open_rate":0.8575,"close_rate":0.6603,"fee_open":0.001,"fee_close":0.001,"trade_duration":47285,"profit_ratio":-0.2315093652702982,"profit_abs":-23.17049548,"exit_reason":"stop_loss","initial_stop_loss_abs":0.6603,"initial_stop_loss_ratio":-0.23,"stop_loss_abs":0.6603,"stop_loss_ratio":-0.23,"min_rate":0.65,"max_rate":1.1662,"is_open":false,"enter_tag":"","leverage":1.0,"is_short":false,"open_timestamp":1735710300000,"close_timestamp":1738547400000,"orders":[{"amount":116.6,"safe_price":0.8575,"ft_order_side":"buy","order_filled_timestamp":1735710300000,"ft_is_entry":true,"ft_order_tag":"","cost":100.08448449999999},{"amount":116.6,"safe_price":0.6603,"ft_order_side":"sell","order_filled_timestamp":1738547400000,"ft_is_entry":false,"ft_order_tag":"stop_loss","cost":77.06797097999998}],"funding_fees":0.0},{"pair":"ETH/USDT","stake_amount":99.747454,"max_stake_amount":99.747454,"amount":0.0298,"open_date":"2025-01-01 08:15:00+00:00","close_date":"2025-02-03 01:50:00+00:00","open_rate":3347.23,"close_rate":2577.37,"fee_open":0.001,"fee_close":0.001,"trade_duration":47135,"profit_ratio":-0.23153759688147824,"profit_abs":-23.11838108,"exit_reason":"stop_loss","initial_stop_loss_abs":2577.37,"initial_stop_loss_ratio":-0.23,"stop_loss_abs":2577.37,"stop_loss_ratio":-0.23,"min_rate":2548.01,"max_rate":3744.83,"is_open":false,"enter_tag":"","leverage":1.0,"is_short":false,"open_timestamp":1735719300000,"close_timestamp":1738547400000,"orders":[{"amount":0.0298,"safe_price":3347.23,"ft_order_side":"buy","order_filled_timestamp":1735719300000,"ft_is_entry":true,"ft_order_tag":"","cost":99.847201454},{"amount":0.0298,"safe_price":2577.37,"ft_order_side":"sell","order_filled_timestamp":1738547400000,"ft_is_entry":false,"ft_order_tag":"stop_loss","cost":76.882431626}],"funding_fees":0.0},{"pair":"ETH/USDT","stake_amount":99.919976,"max_stake_amount":99.919976,"amount":0.0394,"open_date":"2025-02-03 03:55:00+00:00","close_date":"2025-03-10 17:05:00+00:00","open_rate":2536.04,"close_rate":1952.76,"fee_open":0.001,"fee_close":0.001,"trade_duration":51190,"profit_ratio":-0.23153484108358638,"profit_abs":-23.15809072,"exit_reason":"stop_loss","initial_stop_loss_abs":1952.76,"initial_stop_loss_ratio":-0.23,"stop_loss_abs":1952.76,"stop_loss_ratio":-0.23,"min_rate":1930.0,"max_rate":2921.0,"is_open":false,"enter_tag":"","leverage":1.0,"is_short":false,"open_timestamp":1738554900000,"close_timestamp":1741626300000,"orders":[{"amount":0.0394,"safe_price":2536.04,"ft_order_side":"buy","order_filled_timestamp":1738554900000,"ft_is_entry":true,"ft_order_tag":"","cost":100.01989597599999},{"amount":0.0394,"safe_price":1952.76,"ft_order_side":"sell","order_filled_timestamp":1741626300000,"ft_is_entry":false,"ft_order_tag":"stop_loss","cost":77.01568274399999}],"funding_fees":0.0},{"pair":"ETH/USDT","stake_amount":99.858528,"max_stake_amount":99.858528,"amount":0.0528,"open_date":"2025-03-10 21:30:00+00:00","close_date":"2025-04-07 06:45:00+00:00","open_rate":1891.26,"close_rate":1456.28,"fee_open":0.001,"fee_close":0.001,"trade_duration":39435,"profit_ratio":-0.2315332901408634,"profit_abs":-23.14369411,"exit_reason":"stop_loss","initial_stop_loss_abs":1456.28,"initial_stop_loss_ratio":-0.23,"stop_loss_abs":1456.28,"stop_loss_ratio":-0.23,"min_rate":1435.43,"max_rate":2104.11,"is_open":false,"enter_tag":"","leverage":1.0,"is_short":false,"open_timestamp":1741642200000,"close_timestamp":1744008300000,"orders":[{"amount":0.0528,"safe_price":1891.26,"ft_order_side":"buy","order_filled_timestamp":1741642200000,"ft_is_entry":true,"ft_order_tag":"","cost":99.95838652799998},{"amount":0.0528,"safe_price":1456.28,"ft_order_side":"sell","order_filled_timestamp":1744008300000,"ft_is_entry":false,"ft_order_tag":"stop_loss","cost":76.96847558399999}],"funding_fees":0.0},{"pair":"BTC/USDT","stake_amount":99.4323672,"max_stake_amount":99.4323672,"amount":0.00106,"open_date":"2025-01-01 05:55:00+00:00","close_date":"2025-05-06 23:55:00+00:00","open_rate":93804.12,"close_rate":96812.59,"fee_open":0.001,"fee_close":0.001,"trade_duration":181080,"profit_ratio":0.03000975068257803,"profit_abs":2.98692449,"exit_reason":"force_exit","initial_stop_loss_abs":72229.18,"initial_stop_loss_ratio":-0.23,"stop_loss_abs":72229.18,"stop_loss_ratio":-0.23,"min_rate":74508.0,"max_rate":109588.0,"is_open":false,"enter_tag":"","leverage":1.0,"is_short":false,"open_timestamp":1735710900000,"close_timestamp":1746575700000,"orders":[{"amount":0.00106,"safe_price":93804.12,"ft_order_side":"buy","order_filled_timestamp":1735710900000,"ft_is_entry":true,"ft_order_tag":"","cost":99.53179956719998},{"amount":0.00106,"safe_price":96812.59,"ft_order_side":"sell","order_filled_timestamp":1746575700000,"ft_is_entry":false,"ft_order_tag":"force_exit","cost":102.72396674539999}],"funding_fees":0.0},{"pair":"ETH/USDT","stake_amount":99.855903,"max_stake_amount":99.855903,"amount":0.0667,"open_date":"2025-04-07 08:40:00+00:00","close_date":"2025-05-06 23:55:00+00:00","open_rate":1497.09,"close_rate":1816.67,"fee_open":0.001,"fee_close":0.001,"trade_duration":42675,"profit_ratio":0.21104294981613983,"profit_abs":21.09495821,"exit_reason":"force_exit","initial_stop_loss_abs":1152.76,"initial_stop_loss_ratio":-0.23,"stop_loss_abs":1152.76,"stop_loss_ratio":-0.23,"min_rate":1385.05,"max_rate":1873.17,"is_open":false,"enter_tag":"","leverage":1.0,"is_short":false,"open_timestamp":1744015200000,"close_timestamp":1746575700000,"orders":[{"amount":0.0667,"safe_price":1497.09,"ft_order_side":"buy","order_filled_timestamp":1744015200000,"ft_is_entry":true,"ft_order_tag":"","cost":99.95575890299997},{"amount":0.0667,"safe_price":1816.67,"ft_order_side":"sell","order_filled_timestamp":1746575700000,"ft_is_entry":false,"ft_order_tag":"force_exit","cost":121.29306088899997}],"funding_fees":0.0},{"pair":"ADA/USDT","stake_amount":99.9432,"max_stake_amount":99.9432,"amount":151.2,"open_date":"2025-02-03 03:50:00+00:00","close_date":"2025-05-06 23:55:00+00:00","open_rate":0.661,"close_rate":0.6783,"fee_open":0.001,"fee_close":0.001,"trade_duration":133685,"profit_ratio":0.02412217132338161,"profit_abs":2.41325784,"exit_reason":"force_exit","initial_stop_loss_abs":0.509,"initial_stop_loss_ratio":-0.23,"stop_loss_abs":0.509,"stop_loss_ratio":-0.23,"min_rate":0.511,"max_rate":1.1747,"is_open":false,"enter_tag":"","leverage":1.0,"is_short":false,"open_timestamp":1738554600000,"close_timestamp":1746575700000,"orders":[{"amount":151.2,"safe_price":0.661,"ft_order_side":"buy","order_filled_timestamp":1738554600000,"ft_is_entry":true,"ft_order_tag":"","cost":100.04314319999997},{"amount":151.2,"safe_price":0.6783,"ft_order_side":"sell","order_filled_timestamp":1746575700000,"ft_is_entry":false,"ft_order_tag":"force_exit","cost":102.66151895999998}],"funding_fees":0.0}],"locks":[],"best_pair":{"key":"BTC/USDT","trades":1,"profit_mean":0.03000975068257803,"profit_mean_pct":3.0,"profit_sum":0.03000975068257803,"profit_sum_pct":3.0,"profit_total_abs":2.98692449,"profit_total":0.00298692449,"profit_total_pct":0.3,"duration_avg":"125 days, 18:00:00","wins":1,"draws":0,"losses":0,"winrate":1.0,"cagr":0.008746851777402753,"expectancy":2.98692449,"expectancy_ratio":100.0,"sortino":-100,"sharpe":-100,"calmar":-100,"sqn":-100.0,"profit_factor":0.0,"max_drawdown_account":0.0,"max_drawdown_abs":0.0},"worst_pair":{"key":"ETH/USDT","trades":4,"profit_mean":-0.12089069457244705,"profit_mean_pct":-12.09,"profit_sum":-0.4835627782897882,"profit_sum_pct":-48.36,"profit_total_abs":-48.32520769999999,"profit_total":-0.04832520769999999,"profit_total_pct":-4.83,"duration_avg":"31 days, 7:49:00","wins":1,"draws":0,"losses":3,"winrate":0.25,"cagr":-0.13466033190595694,"expectancy":-12.081301924999998,"expectancy_ratio":-0.5220947731814488,"sortino":-449.97398697966173,"sharpe":-0.38560550786352826,"calmar":-10.639580411947286,"sqn":-1.0925,"profit_factor":0.3038736357580682,"max_drawdown_account":0.06942016591000004,"max_drawdown_abs":69.42016591},"results_per_pair":[{"key":"BTC/USDT","trades":1,"profit_mean":0.03000975068257803,"profit_mean_pct":3.0,"profit_sum":0.03000975068257803,"profit_sum_pct":3.0,"profit_total_abs":2.98692449,"profit_total":0.00298692449,"profit_total_pct":0.3,"duration_avg":"125 days, 18:00:00","wins":1,"draws":0,"losses":0,"winrate":1.0,"cagr":0.008746851777402753,"expectancy":2.98692449,"expectancy_ratio":100.0,"sortino":-100,"sharpe":-100,"calmar":-100,"sqn":-100.0,"profit_factor":0.0,"max_drawdown_account":0.0,"max_drawdown_abs":0.0},{"key":"ADA/USDT","trades":2,"profit_mean":-0.10369359697345829,"profit_mean_pct":-10.37,"profit_sum":-0.20738719394691657,"profit_sum_pct":-20.74,"profit_total_abs":-20.75723764,"profit_total":-0.02075723764,"profit_total_pct":-2.08,"duration_avg":"62 days, 20:05:00","wins":1,"draws":0,"losses":1,"winrate":0.5,"cagr":-0.059411030475634674,"expectancy":-10.37861882,"expectancy_ratio":-0.44792390516458647,"sortino":-100,"sharpe":-0.24801143965364664,"calmar":-13.692118707849401,"sqn":-0.8113,"profit_factor":0.10415218967082701,"max_drawdown_account":0.02317049548,"max_drawdown_abs":23.17049548},{"key":"ETH/USDT","trades":4,"profit_mean":-0.12089069457244705,"profit_mean_pct":-12.09,"profit_sum":-0.4835627782897882,"profit_sum_pct":-48.36,"profit_total_abs":-48.32520769999999,"profit_total":-0.04832520769999999,"profit_total_pct":-4.83,"duration_avg":"31 days, 7:49:00","wins":1,"draws":0,"losses":3,"winrate":0.25,"cagr":-0.13466033190595694,"expectancy":-12.081301924999998,"expectancy_ratio":-0.5220947731814488,"sortino":-449.97398697966173,"sharpe":-0.38560550786352826,"calmar":-10.639580411947286,"sqn":-1.0925,"profit_factor":0.3038736357580682,"max_drawdown_account":0.06942016591000004,"max_drawdown_abs":69.42016591},{"key":"TOTAL","trades":7,"profit_mean":-0.09442003165058954,"profit_mean_pct":-9.44,"profit_sum":-0.6609402215541268,"profit_sum_pct":-66.09,"profit_total_abs":-66.09552085,"profit_total":-0.06609552085,"profit_total_pct":-6.61,"duration_avg":"53 days, 19:38:00","wins":3,"draws":0,"losses":4,"winrate":0.42857142857142855,"cagr":-0.18100136415541723,"expectancy":-9.442217264285713,"expectancy_ratio":-0.4079122936389564,"sortino":-521.1034361424541,"sharpe":-0.6008195337845103,"calmar":-10.910414798553877,"sqn":-1.3756,"profit_factor":0.28615348613182645,"max_drawdown_account":0.09259066139000004,"max_drawdown_abs":92.59066139}],"results_per_enter_tag":[{"key":"","trades":7,"profit_mean":-0.09442003165058954,"profit_mean_pct":-9.44,"profit_sum":-0.6609402215541268,"profit_sum_pct":-66.09,"profit_total_abs":-66.09552085,"profit_total":-0.06609552085,"profit_total_pct":-6.61,"duration_avg":"53 days, 19:38:00","wins":3,"draws":0,"losses":4,"winrate":0.42857142857142855,"cagr":-0.18100136415541723,"expectancy":-9.442217264285713,"expectancy_ratio":-0.4079122936389564,"sortino":-521.1034361424541,"sharpe":-0.6008195337845103,"calmar":-10.910414798553877,"sqn":-1.3756,"profit_factor":0.28615348613182645,"max_drawdown_account":0.09259066139000004,"max_drawdown_abs":92.59066139},{"key":"TOTAL","trades":7,"profit_mean":-0.09442003165058954,"profit_mean_pct":-9.44,"profit_sum":-0.6609402215541268,"profit_sum_pct":-66.09,"profit_total_abs":-66.09552085,"profit_total":-0.06609552085,"profit_total_pct":-6.61,"duration_avg":"53 days, 19:38:00","wins":3,"draws":0,"losses":4,"winrate":0.42857142857142855,"cagr":-0.18100136415541723,"expectancy":-9.442217264285713,"expectancy_ratio":-0.4079122936389564,"sortino":-521.1034361424541,"sharpe":-0.6008195337845103,"calmar":-10.910414798553877,"sqn":-1.3756,"profit_factor":0.28615348613182645,"max_drawdown_account":0.09259066139000004,"max_drawdown_abs":92.59066139}],"exit_reason_summary":[{"key":"force_exit","trades":3,"profit_mean":0.08839162394069983,"profit_mean_pct":8.84,"profit_sum":0.2651748718220995,"profit_sum_pct":26.52,"profit_total_abs":26.49514054,"profit_total":0.02649514054,"profit_total_pct":2.65,"duration_avg":"82 days, 17:47:00","wins":3,"draws":0,"losses":0,"winrate":1.0,"cagr":0.07934961617817304,"expectancy":8.831713513333334,"expectancy_ratio":100.0,"sortino":-100,"sharpe":0.46682479287467343,"calmar":-100,"sqn":1.4398,"profit_factor":0.0,"max_drawdown_account":0.0,"max_drawdown_abs":0.0},{"key":"stop_loss","trades":4,"profit_mean":-0.23152877334405655,"profit_mean_pct":-23.15,"profit_sum":-0.9261150933762262,"profit_sum_pct":-92.61,"profit_total_abs":-92.59066139,"profit_total":-0.09259066139,"profit_total_pct":-9.26,"duration_avg":"32 days, 3:01:00","wins":0,"draws":0,"losses":4,"winrate":0.0,"cagr":-0.24701647529252235,"expectancy":-23.1476653475,"expectancy_ratio":-1.0,"sortino":-729.9936695336817,"sharpe":-729.9936695336817,"calmar":-15.283978539634234,"sqn":-2068.1561,"profit_factor":0.0,"max_drawdown_account":0.09259066139000004,"max_drawdown_abs":92.59066139},{"key":"TOTAL","trades":7,"profit_mean":-0.09442003165058954,"profit_mean_pct":-9.44,"profit_sum":-0.6609402215541268,"profit_sum_pct":-66.09,"profit_total_abs":-66.09552085,"profit_total":-0.06609552085,"profit_total_pct":-6.61,"duration_avg":"53 days, 19:38:00","wins":3,"draws":0,"losses":4,"winrate":0.42857142857142855,"cagr":-0.18100136415541723,"expectancy":-9.442217264285713,"expectancy_ratio":-0.4079122936389564,"sortino":-521.1034361424541,"sharpe":-0.6008195337845103,"calmar":-10.910414798553877,"sqn":-1.3756,"profit_factor":0.28615348613182645,"max_drawdown_account":0.09259066139000004,"max_drawdown_abs":92.59066139}],"mix_tag_stats":[{"key":["","force_exit"],"trades":3,"profit_mean":0.08839162394069983,"profit_mean_pct":8.84,"profit_sum":0.2651748718220995,"profit_sum_pct":26.52,"profit_total_abs":26.49514054,"profit_total":0.02649514054,"profit_total_pct":2.65,"duration_avg":"82 days, 17:47:00","wins":3,"draws":0,"losses":0,"winrate":1.0,"cagr":0.07934961617817304,"expectancy":8.831713513333334,"expectancy_ratio":100.0,"sortino":-100,"sharpe":0.46682479287467343,"calmar":-100,"sqn":1.4398,"profit_factor":0.0,"max_drawdown_account":0.0,"max_drawdown_abs":0.0},{"key":["","stop_loss"],"trades":4,"profit_mean":-0.23152877334405655,"profit_mean_pct":-23.15,"profit_sum":-0.9261150933762262,"profit_sum_pct":-92.61,"profit_total_abs":-92.59066139,"profit_total":-0.09259066139,"profit_total_pct":-9.26,"duration_avg":"32 days, 3:01:00","wins":0,"draws":0,"losses":4,"winrate":0.0,"cagr":-0.24701647529252235,"expectancy":-23.1476653475,"expectancy_ratio":-1.0,"sortino":-729.9936695336817,"sharpe":-729.9936695336817,"calmar":-15.283978539634234,"sqn":-2068.1561,"profit_factor":0.0,"max_drawdown_account":0.09259066139000004,"max_drawdown_abs":92.59066139},{"key":"TOTAL","trades":7,"profit_mean":-0.09442003165058954,"profit_mean_pct":-9.44,"profit_sum":-0.6609402215541268,"profit_sum_pct":-66.09,"profit_total_abs":-66.09552085,"profit_total":-0.06609552085,"profit_total_pct":-6.61,"duration_avg":"53 days, 19:38:00","wins":3,"draws":0,"losses":4,"winrate":0.42857142857142855,"cagr":-0.18100136415541723,"expectancy":-9.442217264285713,"expectancy_ratio":-0.4079122936389564,"sortino":-521.1034361424541,"sharpe":-0.6008195337845103,"calmar":-10.910414798553877,"sqn":-1.3756,"profit_factor":0.28615348613182645,"max_drawdown_account":0.09259066139000004,"max_drawdown_abs":92.59066139}],"left_open_trades":[{"key":"ETH/USDT","trades":1,"profit_mean":0.21104294981613983,"profit_mean_pct":21.1,"profit_sum":0.21104294981613983,"profit_sum_pct":21.1,"profit_total_abs":21.09495821,"profit_total":0.02109495821,"profit_total_pct":2.11,"duration_avg":"29 days, 15:15:00","wins":1,"draws":0,"losses":0,"winrate":1.0,"cagr":0.06285276059505218,"expectancy":21.09495821,"expectancy_ratio":100.0,"sortino":-100,"sharpe":-100,"calmar":-100,"sqn":-100.0,"profit_factor":0.0,"max_drawdown_account":0.0,"max_drawdown_abs":0.0},{"key":"BTC/USDT","trades":1,"profit_mean":0.03000975068257803,"profit_mean_pct":3.0,"profit_sum":0.03000975068257803,"profit_sum_pct":3.0,"profit_total_abs":2.98692449,"profit_total":0.00298692449,"profit_total_pct":0.3,"duration_avg":"125 days, 18:00:00","wins":1,"draws":0,"losses":0,"winrate":1.0,"cagr":0.008746851777402753,"expectancy":2.98692449,"expectancy_ratio":100.0,"sortino":-100,"sharpe":-100,"calmar":-100,"sqn":-100.0,"profit_factor":0.0,"max_drawdown_account":0.0,"max_drawdown_abs":0.0},{"key":"ADA/USDT","trades":1,"profit_mean":0.02412217132338161,"profit_mean_pct":2.41,"profit_sum":0.02412217132338161,"profit_sum_pct":2.41,"profit_total_abs":2.41325784,"profit_total":0.00241325784,"profit_total_pct":0.24,"duration_avg":"92 days, 20:05:00","wins":1,"draws":0,"losses":0,"winrate":1.0,"cagr":0.007063050287752004,"expectancy":2.41325784,"expectancy_ratio":100.0,"sortino":-100,"sharpe":-100,"calmar":-100,"sqn":-100.0,"profit_factor":0.0,"max_drawdown_account":0.0,"max_drawdown_abs":0.0},{"key":"TOTAL","trades":3,"profit_mean":0.08839162394069983,"profit_mean_pct":8.84,"profit_sum":0.2651748718220995,"profit_sum_pct":26.52,"profit_total_abs":26.49514054,"profit_total":0.02649514054,"profit_total_pct":2.65,"duration_avg":"82 days, 17:47:00","wins":3,"draws":0,"losses":0,"winrate":1.0,"cagr":0.07934961617817304,"expectancy":8.831713513333334,"expectancy_ratio":100.0,"sortino":-100,"sharpe":0.46682479287467343,"calmar":-100,"sqn":1.4398,"profit_factor":0.0,"max_drawdown_account":0.0,"max_drawdown_abs":0.0}],"total_trades":7,"trade_count_long":7,"trade_count_short":0,"total_volume":1334.0537776565998,"avg_stake_amount":99.82027545714286,"profit_mean":-0.09442003165058954,"profit_median":-0.2315093652702982,"profit_total":-0.06609552085,"profit_total_long":-0.06609552085,"profit_total_short":0.0,"profit_total_abs":-66.09552085,"profit_total_long_abs":-66.09552085,"profit_total_short_abs":0.0,"cagr":-0.18100136415541723,"expectancy":-9.442217264285713,"expectancy_ratio":-0.4079122936389564,"sortino":-521.1034361424541,"sharpe":-0.6008195337845103,"calmar":-10.910414798553877,"sqn":-1.3756,"profit_factor":0.28615348613182645,"backtest_start":"2025-01-01 04:10:00","backtest_start_ts":1735704600000,"backtest_end":"2025-05-06 23:55:00","backtest_end_ts":1746575700000,"backtest_days":125,"backtest_run_start_ts":1750755340,"backtest_run_end_ts":1750755363,"trades_per_day":0.06,"market_change":-0.20938401726333059,"pairlist":["BTC/USDT","ETH/USDT","ADA/USDT"],"stake_amount":100,"stake_currency":"USDT","stake_currency_decimals":3,"starting_balance":1000,"dry_run_wallet":1000,"final_balance":933.90447915,"rejected_signals":0,"timedout_entry_orders":0,"timedout_exit_orders":0,"canceled_trade_entries":0,"canceled_entry_orders":0,"replaced_entry_orders":0,"max_open_trades":3,"max_open_trades_setting":3,"timeframe":"5m","timeframe_detail":"","timerange":"20250101-20250510","enable_protections":false,"strategy_name":"HybridAlligatorATRRelaxedStrategy","stoploss":-0.23,"trailing_stop":false,"trailing_stop_positive":null,"trailing_stop_positive_offset":0.0,"trailing_only_offset_is_reached":false,"use_custom_stoploss":true,"minimal_roi":{},"use_exit_signal":true,"exit_profit_only":false,"exit_profit_offset":0.0,"ignore_roi_if_entry_signal":false,"trading_mode":"spot","margin_mode":"","periodic_breakdown":{"day":[{"date":"03/02/2025","date_ts":1738540800000,"profit_abs":-46.28887656,"wins":0,"draws":0,"losses":2,"trades":2,"profit_factor":0.0},{"date":"04/02/2025","date_ts":1738627200000,"profit_abs":0.0,"wins":0,"draws":0,"losses":0,"trades":0,"profit_factor":0.0},{"date":"05/02/2025","date_ts":1738713600000,"profit_abs":0.0,"wins":0,"draws":0,"losses":0,"trades":0,"profit_factor":0.0},{"date":"06/02/2025","date_ts":1738800000000,"profit_abs":0.0,"wins":0,"draws":0,"losses":0,"trades":0,"profit_factor":0.0},{"date":"07/02/2025","date_ts":1738886400000,"profit_abs":0.0,"wins":0,"draws":0,"losses":0,"trades":0,"profit_factor":0.0},{"date":"08/02/2025","date_ts":1738972800000,"profit_abs":0.0,"wins":0,"draws":0,"losses":0,"trades":0,"profit_factor":0.0},{"date":"09/02/2025","date_ts":1739059200000,"profit_abs":0.0,"wins":0,"draws":0,"losses":0,"trades":0,"profit_factor":0.0},{"date":"10/02/2025","date_ts":1739145600000,"profit_abs":0.0,"wins":0,"draws":0,"losses":0,"trades":0,"profit_factor":0.0},{"date":"11/02/2025","date_ts":1739232000000,"profit_abs":0.0,"wins":0,"draws":0,"losses":0,"trades":0,"profit_factor":0.0},{"date":"12/02/2025","date_ts":1739318400000,"profit_abs":0.0,"wins":0,"draws":0,"losses":0,"trades":0,"profit_factor":0.0},{"date":"13/02/2025","date_ts":1739404800000,"profit_abs":0.0,"wins":0,"draws":0,"losses":0,"trades":0,"profit_factor":0.0},{"date":"14/02/2025","date_ts":1739491200000,"profit_abs":0.0,"wins":0,"draws":0,"losses":0,"trades":0,"profit_factor":0.0},{"date":"15/02/2025","date_ts":1739577600000,"profit_abs":0.0,"wins":0,"draws":0,"losses":0,"trades":0,"profit_factor":0.0},{"date":"16/02/2025","date_ts":1739664000000,"profit_abs":0.0,"wins":0,"draws":0,"losses":0,"trades":0,"profit_factor":0.0},{"date":"17/02/2025","date_ts":1739750400000,"profit_abs":0.0,"wins":0,"draws":0,"losses":0,"trades":0,"profit_factor":0.0},{"date":"18/02/2025","date_ts":1739836800000,"profit_abs":0.0,"wins":0,"draws":0,"losses":0,"trades":0,"profit_factor":0.0},{"date":"19/02/2025","date_ts":1739923200000,"profit_abs":0.0,"wins":0,"draws":0,"losses":0,"trades":0,"profit_factor":0.0},{"date":"20/02/2025","date_ts":1740009600000,"profit_abs":0.0,"wins":0,"draws":0,"losses":0,"trades":0,"profit_factor":0.0},{"date":"21/02/2025","date_ts":1740096000000,"profit_abs":0.0,"wins":0,"draws":0,"losses":0,"trades":0,"profit_factor":0.0},{"date":"22/02/2025","date_ts":1740182400000,"profit_abs":0.0,"wins":0,"draws":0,"losses":0,"trades":0,"profit_factor":0.0},{"date":"23/02/2025","date_ts":1740268800000,"profit_abs":0.0,"wins":0,"draws":0,"losses":0,"trades":0,"profit_factor":0.0},{"date":"24/02/2025","date_ts":1740355200000,"profit_abs":0.0,"wins":0,"draws":0,"losses":0,"trades":0,"profit_factor":0.0},{"date":"25/02/2025","date_ts":1740441600000,"profit_abs":0.0,"wins":0,"draws":0,"losses":0,"trades":0,"profit_factor":0.0},{"date":"26/02/2025","date_ts":1740528000000,"profit_abs":0.0,"wins":0,"draws":0,"losses":0,"trades":0,"profit_factor":0.0},{"date":"27/02/2025","date_ts":1740614400000,"profit_abs":0.0,"wins":0,"draws":0,"losses":0,"trades":0,"profit_factor":0.0},{"date":"28/02/2025","date_ts":1740700800000,"profit_abs":0.0,"wins":0,"draws":0,"losses":0,"trades":0,"profit_factor":0.0},{"date":"01/03/2025","date_ts":1740787200000,"profit_abs":0.0,"wins":0,"draws":0,"losses":0,"trades":0,"profit_factor":0.0},{"date":"02/03/2025","date_ts":1740873600000,"profit_abs":0.0,"wins":0,"draws":0,"losses":0,"trades":0,"profit_factor":0.0},{"date":"03/03/2025","date_ts":1740960000000,"profit_abs":0.0,"wins":0,"draws":0,"losses":0,"trades":0,"profit_factor":0.0},{"date":"04/03/2025","date_ts":1741046400000,"profit_abs":0.0,"wins":0,"draws":0,"losses":0,"trades":0,"profit_factor":0.0},{"date":"05/03/2025","date_ts":1741132800000,"profit_abs":0.0,"wins":0,"draws":0,"losses":0,"trades":0,"profit_factor":0.0},{"date":"06/03/2025","date_ts":1741219200000,"profit_abs":0.0,"wins":0,"draws":0,"losses":0,"trades":0,"profit_factor":0.0},{"date":"07/03/2025","date_ts":1741305600000,"profit_abs":0.0,"wins":0,"draws":0,"losses":0,"trades":0,"profit_factor":0.0},{"date":"08/03/2025","date_ts":1741392000000,"profit_abs":0.0,"wins":0,"draws":0,"losses":0,"trades":0,"profit_factor":0.0},{"date":"09/03/2025","date_ts":1741478400000,"profit_abs":0.0,"wins":0,"draws":0,"losses":0,"trades":0,"profit_factor":0.0},{"date":"10/03/2025","date_ts":1741564800000,"profit_abs":-23.15809072,"wins":0,"draws":0,"losses":1,"trades":1,"profit_factor":0.0},{"date":"11/03/2025","date_ts":1741651200000,"profit_abs":0.0,"wins":0,"draws":0,"losses":0,"trades":0,"profit_factor":0.0},{"date":"12/03/2025","date_ts":1741737600000,"profit_abs":0.0,"wins":0,"draws":0,"losses":0,"trades":0,"profit_factor":0.0},{"date":"13/03/2025","date_ts":1741824000000,"profit_abs":0.0,"wins":0,"draws":0,"losses":0,"trades":0,"profit_factor":0.0},{"date":"14/03/2025","date_ts":1741910400000,"profit_abs":0.0,"wins":0,"draws":0,"losses":0,"trades":0,"profit_factor":0.0},{"date":"15/03/2025","date_ts":1741996800000,"profit_abs":0.0,"wins":0,"draws":0,"losses":0,"trades":0,"profit_factor":0.0},{"date":"16/03/2025","date_ts":1742083200000,"profit_abs":0.0,"wins":0,"draws":0,"losses":0,"trades":0,"profit_factor":0.0},{"date":"17/03/2025","date_ts":1742169600000,"profit_abs":0.0,"wins":0,"draws":0,"losses":0,"trades":0,"profit_factor":0.0},{"date":"18/03/2025","date_ts":1742256000000,"profit_abs":0.0,"wins":0,"draws":0,"losses":0,"trades":0,"profit_factor":0.0},{"date":"19/03/2025","date_ts":1742342400000,"profit_abs":0.0,"wins":0,"draws":0,"losses":0,"trades":0,"profit_factor":0.0},{"date":"20/03/2025","date_ts":1742428800000,"profit_abs":0.0,"wins":0,"draws":0,"losses":0,"trades":0,"profit_factor":0.0},{"date":"21/03/2025","date_ts":1742515200000,"profit_abs":0.0,"wins":0,"draws":0,"losses":0,"trades":0,"profit_factor":0.0},{"date":"22/03/2025","date_ts":1742601600000,"profit_abs":0.0,"wins":0,"draws":0,"losses":0,"trades":0,"profit_factor":0.0},{"date":"23/03/2025","date_ts":1742688000000,"profit_abs":0.0,"wins":0,"draws":0,"losses":0,"trades":0,"profit_factor":0.0},{"date":"24/03/2025","date_ts":1742774400000,"profit_abs":0.0,"wins":0,"draws":0,"losses":0,"trades":0,"profit_factor":0.0},{"date":"25/03/2025","date_ts":1742860800000,"profit_abs":0.0,"wins":0,"draws":0,"losses":0,"trades":0,"profit_factor":0.0},{"date":"26/03/2025","date_ts":1742947200000,"profit_abs":0.0,"wins":0,"draws":0,"losses":0,"trades":0,"profit_factor":0.0},{"date":"27/03/2025","date_ts":1743033600000,"profit_abs":0.0,"wins":0,"draws":0,"losses":0,"trades":0,"profit_factor":0.0},{"date":"28/03/2025","date_ts":1743120000000,"profit_abs":0.0,"wins":0,"draws":0,"losses":0,"trades":0,"profit_factor":0.0},{"date":"29/03/2025","date_ts":1743206400000,"profit_abs":0.0,"wins":0,"draws":0,"losses":0,"trades":0,"profit_factor":0.0},{"date":"30/03/2025","date_ts":1743292800000,"profit_abs":0.0,"wins":0,"draws":0,"losses":0,"trades":0,"profit_factor":0.0},{"date":"31/03/2025","date_ts":1743379200000,"profit_abs":0.0,"wins":0,"draws":0,"losses":0,"trades":0,"profit_factor":0.0},{"date":"01/04/2025","date_ts":1743465600000,"profit_abs":0.0,"wins":0,"draws":0,"losses":0,"trades":0,"profit_factor":0.0},{"date":"02/04/2025","date_ts":1743552000000,"profit_abs":0.0,"wins":0,"draws":0,"losses":0,"trades":0,"profit_factor":0.0},{"date":"03/04/2025","date_ts":1743638400000,"profit_abs":0.0,"wins":0,"draws":0,"losses":0,"trades":0,"profit_factor":0.0},{"date":"04/04/2025","date_ts":1743724800000,"profit_abs":0.0,"wins":0,"draws":0,"losses":0,"trades":0,"profit_factor":0.0},{"date":"05/04/2025","date_ts":1743811200000,"profit_abs":0.0,"wins":0,"draws":0,"losses":0,"trades":0,"profit_factor":0.0},{"date":"06/04/2025","date_ts":1743897600000,"profit_abs":0.0,"wins":0,"draws":0,"losses":0,"trades":0,"profit_factor":0.0},{"date":"07/04/2025","date_ts":1743984000000,"profit_abs":-23.14369411,"wins":0,"draws":0,"losses":1,"trades":1,"profit_factor":0.0},{"date":"08/04/2025","date_ts":1744070400000,"profit_abs":0.0,"wins":0,"draws":0,"losses":0,"trades":0,"profit_factor":0.0},{"date":"09/04/2025","date_ts":1744156800000,"profit_abs":0.0,"wins":0,"draws":0,"losses":0,"trades":0,"profit_factor":0.0},{"date":"10/04/2025","date_ts":1744243200000,"profit_abs":0.0,"wins":0,"draws":0,"losses":0,"trades":0,"profit_factor":0.0},{"date":"11/04/2025","date_ts":1744329600000,"profit_abs":0.0,"wins":0,"draws":0,"losses":0,"trades":0,"profit_factor":0.0},{"date":"12/04/2025","date_ts":1744416000000,"profit_abs":0.0,"wins":0,"draws":0,"losses":0,"trades":0,"profit_factor":0.0},{"date":"13/04/2025","date_ts":1744502400000,"profit_abs":0.0,"wins":0,"draws":0,"losses":0,"trades":0,"profit_factor":0.0},{"date":"14/04/2025","date_ts":1744588800000,"profit_abs":0.0,"wins":0,"draws":0,"losses":0,"trades":0,"profit_factor":0.0},{"date":"15/04/2025","date_ts":1744675200000,"profit_abs":0.0,"wins":0,"draws":0,"losses":0,"trades":0,"profit_factor":0.0},{"date":"16/04/2025","date_ts":1744761600000,"profit_abs":0.0,"wins":0,"draws":0,"losses":0,"trades":0,"profit_factor":0.0},{"date":"17/04/2025","date_ts":1744848000000,"profit_abs":0.0,"wins":0,"draws":0,"losses":0,"trades":0,"profit_factor":0.0},{"date":"18/04/2025","date_ts":1744934400000,"profit_abs":0.0,"wins":0,"draws":0,"losses":0,"trades":0,"profit_factor":0.0},{"date":"19/04/2025","date_ts":1745020800000,"profit_abs":0.0,"wins":0,"draws":0,"losses":0,"trades":0,"profit_factor":0.0},{"date":"20/04/2025","date_ts":1745107200000,"profit_abs":0.0,"wins":0,"draws":0,"losses":0,"trades":0,"profit_factor":0.0},{"date":"21/04/2025","date_ts":1745193600000,"profit_abs":0.0,"wins":0,"draws":0,"losses":0,"trades":0,"profit_factor":0.0},{"date":"22/04/2025","date_ts":1745280000000,"profit_abs":0.0,"wins":0,"draws":0,"losses":0,"trades":0,"profit_factor":0.0},{"date":"23/04/2025","date_ts":1745366400000,"profit_abs":0.0,"wins":0,"draws":0,"losses":0,"trades":0,"profit_factor":0.0},{"date":"24/04/2025","date_ts":1745452800000,"profit_abs":0.0,"wins":0,"draws":0,"losses":0,"trades":0,"profit_factor":0.0},{"date":"25/04/2025","date_ts":1745539200000,"profit_abs":0.0,"wins":0,"draws":0,"losses":0,"trades":0,"profit_factor":0.0},{"date":"26/04/2025","date_ts":1745625600000,"profit_abs":0.0,"wins":0,"draws":0,"losses":0,"trades":0,"profit_factor":0.0},{"date":"27/04/2025","date_ts":1745712000000,"profit_abs":0.0,"wins":0,"draws":0,"losses":0,"trades":0,"profit_factor":0.0},{"date":"28/04/2025","date_ts":1745798400000,"profit_abs":0.0,"wins":0,"draws":0,"losses":0,"trades":0,"profit_factor":0.0},{"date":"29/04/2025","date_ts":1745884800000,"profit_abs":0.0,"wins":0,"draws":0,"losses":0,"trades":0,"profit_factor":0.0},{"date":"30/04/2025","date_ts":1745971200000,"profit_abs":0.0,"wins":0,"draws":0,"losses":0,"trades":0,"profit_factor":0.0},{"date":"01/05/2025","date_ts":1746057600000,"profit_abs":0.0,"wins":0,"draws":0,"losses":0,"trades":0,"profit_factor":0.0},{"date":"02/05/2025","date_ts":1746144000000,"profit_abs":0.0,"wins":0,"draws":0,"losses":0,"trades":0,"profit_factor":0.0},{"date":"03/05/2025","date_ts":1746230400000,"profit_abs":0.0,"wins":0,"draws":0,"losses":0,"trades":0,"profit_factor":0.0},{"date":"04/05/2025","date_ts":1746316800000,"profit_abs":0.0,"wins":0,"draws":0,"losses":0,"trades":0,"profit_factor":0.0},{"date":"05/05/2025","date_ts":1746403200000,"profit_abs":0.0,"wins":0,"draws":0,"losses":0,"trades":0,"profit_factor":0.0},{"date":"06/05/2025","date_ts":1746489600000,"profit_abs":26.49514054,"wins":3,"draws":0,"losses":0,"trades":3,"profit_factor":0.0}],"week":[{"date":"03/02/2025","date_ts":1738540800000,"profit_abs":-46.28887656,"wins":0,"draws":0,"losses":2,"trades":2,"profit_factor":0.0},{"date":"10/02/2025","date_ts":1739145600000,"profit_abs":0.0,"wins":0,"draws":0,"losses":0,"trades":0,"profit_factor":0.0},{"date":"17/02/2025","date_ts":1739750400000,"profit_abs":0.0,"wins":0,"draws":0,"losses":0,"trades":0,"profit_factor":0.0},{"date":"24/02/2025","date_ts":1740355200000,"profit_abs":0.0,"wins":0,"draws":0,"losses":0,"trades":0,"profit_factor":0.0},{"date":"03/03/2025","date_ts":1740960000000,"profit_abs":0.0,"wins":0,"draws":0,"losses":0,"trades":0,"profit_factor":0.0},{"date":"10/03/2025","date_ts":1741564800000,"profit_abs":-23.15809072,"wins":0,"draws":0,"losses":1,"trades":1,"profit_factor":0.0},{"date":"17/03/2025","date_ts":1742169600000,"profit_abs":0.0,"wins":0,"draws":0,"losses":0,"trades":0,"profit_factor":0.0},{"date":"24/03/2025","date_ts":1742774400000,"profit_abs":0.0,"wins":0,"draws":0,"losses":0,"trades":0,"profit_factor":0.0},{"date":"31/03/2025","date_ts":1743379200000,"profit_abs":0.0,"wins":0,"draws":0,"losses":0,"trades":0,"profit_factor":0.0},{"date":"07/04/2025","date_ts":1743984000000,"profit_abs":-23.14369411,"wins":0,"draws":0,"losses":1,"trades":1,"profit_factor":0.0},{"date":"14/04/2025","date_ts":1744588800000,"profit_abs":0.0,"wins":0,"draws":0,"losses":0,"trades":0,"profit_factor":0.0},{"date":"21/04/2025","date_ts":1745193600000,"profit_abs":0.0,"wins":0,"draws":0,"losses":0,"trades":0,"profit_factor":0.0},{"date":"28/04/2025","date_ts":1745798400000,"profit_abs":0.0,"wins":0,"draws":0,"losses":0,"trades":0,"profit_factor":0.0},{"date":"05/05/2025","date_ts":1746403200000,"profit_abs":0.0,"wins":0,"draws":0,"losses":0,"trades":0,"profit_factor":0.0},{"date":"12/05/2025","date_ts":1747008000000,"profit_abs":26.49514054,"wins":3,"draws":0,"losses":0,"trades":3,"profit_factor":0.0}],"month":[{"date":"28/02/2025","date_ts":1740700800000,"profit_abs":-46.28887656,"wins":0,"draws":0,"losses":2,"trades":2,"profit_factor":0.0},{"date":"31/03/2025","date_ts":1743379200000,"profit_abs":-23.15809072,"wins":0,"draws":0,"losses":1,"trades":1,"profit_factor":0.0},{"date":"30/04/2025","date_ts":1745971200000,"profit_abs":-23.14369411,"wins":0,"draws":0,"losses":1,"trades":1,"profit_factor":0.0},{"date":"31/05/2025","date_ts":1748649600000,"profit_abs":26.49514054,"wins":3,"draws":0,"losses":0,"trades":3,"profit_factor":0.0}],"year":[{"date":"31/12/2025","date_ts":1767139200000,"profit_abs":-66.09552085,"wins":3,"draws":0,"losses":4,"trades":7,"profit_factor":0.28615349}]},"backtest_best_day":0.2651748718220995,"backtest_worst_day":-0.46304696215177643,"backtest_best_day_abs":26.49514054,"backtest_worst_day_abs":-46.28887656,"winning_days":1,"draw_days":89,"losing_days":3,"daily_profit":[["2025-02-03",-46.28887656],["2025-02-04",0.0],["2025-02-05",0.0],["2025-02-06",0.0],["2025-02-07",0.0],["2025-02-08",0.0],["2025-02-09",0.0],["2025-02-10",0.0],["2025-02-11",0.0],["2025-02-12",0.0],["2025-02-13",0.0],["2025-02-14",0.0],["2025-02-15",0.0],["2025-02-16",0.0],["2025-02-17",0.0],["2025-02-18",0.0],["2025-02-19",0.0],["2025-02-20",0.0],["2025-02-21",0.0],["2025-02-22",0.0],["2025-02-23",0.0],["2025-02-24",0.0],["2025-02-25",0.0],["2025-02-26",0.0],["2025-02-27",0.0],["2025-02-28",0.0],["2025-03-01",0.0],["2025-03-02",0.0],["2025-03-03",0.0],["2025-03-04",0.0],["2025-03-05",0.0],["2025-03-06",0.0],["2025-03-07",0.0],["2025-03-08",0.0],["2025-03-09",0.0],["2025-03-10",-23.15809072],["2025-03-11",0.0],["2025-03-12",0.0],["2025-03-13",0.0],["2025-03-14",0.0],["2025-03-15",0.0],["2025-03-16",0.0],["2025-03-17",0.0],["2025-03-18",0.0],["2025-03-19",0.0],["2025-03-20",0.0],["2025-03-21",0.0],["2025-03-22",0.0],["2025-03-23",0.0],["2025-03-24",0.0],["2025-03-25",0.0],["2025-03-26",0.0],["2025-03-27",0.0],["2025-03-28",0.0],["2025-03-29",0.0],["2025-03-30",0.0],["2025-03-31",0.0],["2025-04-01",0.0],["2025-04-02",0.0],["2025-04-03",0.0],["2025-04-04",0.0],["2025-04-05",0.0],["2025-04-06",0.0],["2025-04-07",-23.14369411],["2025-04-08",0.0],["2025-04-09",0.0],["2025-04-10",0.0],["2025-04-11",0.0],["2025-04-12",0.0],["2025-04-13",0.0],["2025-04-14",0.0],["2025-04-15",0.0],["2025-04-16",0.0],["2025-04-17",0.0],["2025-04-18",0.0],["2025-04-19",0.0],["2025-04-20",0.0],["2025-04-21",0.0],["2025-04-22",0.0],["2025-04-23",0.0],["2025-04-24",0.0],["2025-04-25",0.0],["2025-04-26",0.0],["2025-04-27",0.0],["2025-04-28",0.0],["2025-04-29",0.0],["2025-04-30",0.0],["2025-05-01",0.0],["2025-05-02",0.0],["2025-05-03",0.0],["2025-05-04",0.0],["2025-05-05",0.0],["2025-05-06",26.49514054]],"wins":3,"losses":4,"draws":0,"winrate":0.42857142857142855,"holding_avg":"53 days, 19:38:00","holding_avg_s":4649880.0,"winner_holding_min":"29d 15:15","winner_holding_min_s":2560500.0,"winner_holding_max":"125d 18:00","winner_holding_max_s":10864800.0,"winner_holding_avg":"82d 17:47","winner_holding_avg_s":7148820.0,"loser_holding_min":"27d 09:15","loser_holding_min_s":2366100.0,"loser_holding_max":"35d 13:10","loser_holding_max_s":3071400.0,"loser_holding_avg":"32d 03:01","loser_holding_avg_s":2775660.0,"max_consecutive_wins":3,"max_consecutive_losses":4,"max_drawdown_account":0.09259066139000004,"max_relative_drawdown":0.09259066139000004,"max_drawdown_abs":92.59066139,"drawdown_start":"2025-02-03 01:50:00","drawdown_start_ts":1738547400000.0,"drawdown_end":"2025-04-07 06:45:00","drawdown_end_ts":1744008300000.0,"max_drawdown_low":-92.59066139,"max_drawdown_high":-23.17049548,"csum_min":907.40933861,"csum_max":976.82950452}},"strategy_comparison":[{"key":"HybridAlligatorATRRelaxedStrategy","trades":7,"profit_mean":-0.09442003165058954,"profit_mean_pct":-9.44,"profit_sum":-0.6609402215541268,"profit_sum_pct":-66.09,"profit_total_abs":-66.09552085,"profit_total":-0.06609552085,"profit_total_pct":-6.61,"duration_avg":"53 days, 19:38:00","wins":3,"draws":0,"losses":4,"winrate":0.42857142857142855,"cagr":-0.18100136415541723,"expectancy":-9.442217264285713,"expectancy_ratio":-0.4079122936389564,"sortino":-521.1034361424541,"sharpe":-0.6008195337845103,"calmar":-10.910414798553877,"sqn":-1.3756,"profit_factor":0.28615348613182645,"max_drawdown_account":0.09259066139000004,"max_drawdown_abs":"92.591"}]}