{"strategy":{"HybridAlligatorATRStrategy":{"trades":[{"pair":"ADA/USDT","stake_amount":329.92302,"max_stake_amount":329.92302,"amount":292.2,"open_date":"2025-01-16 16:10:00+00:00","close_date":"2025-01-16 16:25:00+00:00","open_rate":1.1291,"close_rate":1.1426627627627626,"fee_open":0.001,"fee_close":0.001,"trade_duration":15,"profit_ratio":0.00999000999000999,"profit_abs":3.2992302,"exit_reason":"roi","initial_stop_loss_abs":1.0727,"initial_stop_loss_ratio":-0.05,"stop_loss_abs":1.0874,"stop_loss_ratio":-0.05,"min_rate":1.1224,"max_rate":1.1446,"is_open":false,"enter_tag":"","leverage":1.0,"is_short":false,"open_timestamp":1737043800000,"close_timestamp":1737044700000,"orders":[{"amount":292.2,"safe_price":1.1291,"ft_order_side":"buy","order_filled_timestamp":1737043800000,"ft_is_entry":true,"ft_order_tag":"","cost":330.25294302},{"amount":292.2,"safe_price":1.1426627627627626,"ft_order_side":"sell","order_filled_timestamp":1737044700000,"ft_is_entry":false,"ft_order_tag":"roi","cost":334.21994533855843}]},{"pair":"ADA/USDT","stake_amount":331.0508,"max_stake_amount":331.0508,"amount":457.0,"open_date":"2025-02-03 12:20:00+00:00","close_date":"2025-02-03 13:10:00+00:00","open_rate":0.7244,"close_rate":0.7098,"fee_open":0.001,"fee_close":0.001,"trade_duration":50,"profit_ratio":-0.022112343757843482,"profit_abs":-7.3276294,"exit_reason":"exit_signal","initial_stop_loss_abs":0.6882,"initial_stop_loss_ratio":-0.05,"stop_loss_abs":0.6909,"stop_loss_ratio":-0.05,"min_rate":0.7006,"max_rate":0.7272,"is_open":false,"enter_tag":"","leverage":1.0,"is_short":false,"open_timestamp":1738585200000,"close_timestamp":1738588200000,"orders":[{"amount":457.0,"safe_price":0.7244,"ft_order_side":"buy","order_filled_timestamp":1738585200000,"ft_is_entry":true,"ft_order_tag":"","cost":331.3818508},{"amount":457.0,"safe_price":0.7098,"ft_order_side":"sell","order_filled_timestamp":1738588200000,"ft_is_entry":false,"ft_order_tag":"exit_signal","cost":324.7029786}]},{"pair":"ADA/USDT","stake_amount":328.61766,"max_stake_amount":328.61766,"amount":424.9,"open_date":"2025-02-03 17:45:00+00:00","close_date":"2025-02-03 17:50:00+00:00","open_rate":0.7734,"close_rate":0.777,"fee_open":0.001,"fee_close":0.001,"trade_duration":5,"profit_ratio":0.0026474689003781323,"profit_abs":0.87087504,"exit_reason":"exit_signal","initial_stop_loss_abs":0.7348,"initial_stop_loss_ratio":-0.05,"stop_loss_abs":0.7424,"stop_loss_ratio":-0.05,"min_rate":0.77,"max_rate":0.7814,"is_open":false,"enter_tag":"","leverage":1.0,"is_short":false,"open_timestamp":1738604700000,"close_timestamp":1738605000000,"orders":[{"amount":424.9,"safe_price":0.7734,"ft_order_side":"buy","order_filled_timestamp":1738604700000,"ft_is_entry":true,"ft_order_tag":"","cost":328.94627765999996},{"amount":424.9,"safe_price":0.777,"ft_order_side":"sell","order_filled_timestamp":1738605000000,"ft_is_entry":false,"ft_order_tag":"exit_signal","cost":330.47744729999994}]},{"pair":"ADA/USDT","stake_amount":328.94838,"max_stake_amount":328.94838,"amount":384.6,"open_date":"2025-03-02 15:40:00+00:00","close_date":"2025-03-02 15:45:00+00:00","open_rate":0.8553,"close_rate":0.8199,"fee_open":0.001,"fee_close":0.001,"trade_duration":5,"profit_ratio":-0.04330429304122745,"profit_abs":-14.25912192,"exit_reason":"trailing_stop_loss","initial_stop_loss_abs":0.8126,"initial_stop_loss_ratio":-0.05,"stop_loss_abs":0.8199,"stop_loss_ratio":-0.05,"min_rate":0.7795,"max_rate":0.863,"is_open":false,"enter_tag":"","leverage":1.0,"is_short":false,"open_timestamp":1740930000000,"close_timestamp":1740930300000,"orders":[{"amount":384.6,"safe_price":0.8553,"ft_order_side":"buy","order_filled_timestamp":1740930000000,"ft_is_entry":true,"ft_order_tag":"","cost":329.27732838},{"amount":384.6,"safe_price":0.8199,"ft_order_side":"sell","order_filled_timestamp":1740930300000,"ft_is_entry":false,"ft_order_tag":"trailing_stop_loss","cost":315.64887354}]},{"pair":"ETH/USDT","stake_amount":324.172338,"max_stake_amount":324.172338,"amount":0.1329,"open_date":"2025-03-02 16:40:00+00:00","close_date":"2025-03-02 16:40:00+00:00","open_rate":2439.22,"close_rate":2492.9365565565563,"fee_open":0.001,"fee_close":0.001,"trade_duration":0,"profit_ratio":0.01998001998001998,"profit_abs":6.48344676,"exit_reason":"roi","initial_stop_loss_abs":2317.26,"initial_stop_loss_ratio":-0.05,"stop_loss_abs":2375.0,"stop_loss_ratio":-0.05,"min_rate":2388.87,"max_rate":2500.0,"is_open":false,"enter_tag":"","leverage":1.0,"is_short":false,"open_timestamp":1740933600000,"close_timestamp":1740933600000,"orders":[{"amount":0.1329,"safe_price":2439.22,"ft_order_side":"buy","order_filled_timestamp":1740933600000,"ft_is_entry":true,"ft_order_tag":"","cost":324.49651033799995},{"amount":0.1329,"safe_price":2492.9365565565563,"ft_order_side":"sell","order_filled_timestamp":1740933600000,"ft_is_entry":false,"ft_order_tag":"roi","cost":331.64257963473267}]},{"pair":"ETH/USDT","stake_amount":326.249792,"max_stake_amount":326.249792,"amount":0.1312,"open_date":"2025-03-02 16:45:00+00:00","close_date":"2025-03-02 17:40:00+00:00","open_rate":2486.66,"close_rate":2491.6382982982977,"fee_open":0.001,"fee_close":0.001,"trade_duration":55,"profit_ratio":0.0,"profit_abs":0.0,"exit_reason":"roi","initial_stop_loss_abs":2362.33,"initial_stop_loss_ratio":-0.05,"stop_loss_abs":2385.28,"stop_loss_ratio":-0.05,"min_rate":2395.36,"max_rate":2510.82,"is_open":false,"enter_tag":"","leverage":1.0,"is_short":false,"open_timestamp":1740933900000,"close_timestamp":1740937200000,"orders":[{"amount":0.1312,"safe_price":2486.66,"ft_order_side":"buy","order_filled_timestamp":1740933900000,"ft_is_entry":true,"ft_order_tag":"","cost":326.57604179199996},{"amount":0.1312,"safe_price":2491.6382982982977,"ft_order_side":"sell","order_filled_timestamp":1740937200000,"ft_is_entry":false,"ft_order_tag":"roi","cost":327.22984768147336}]},{"pair":"ADA/USDT","stake_amount":326.3876,"max_stake_amount":326.3876,"amount":308.0,"open_date":"2025-03-02 21:20:00+00:00","close_date":"2025-03-02 21:30:00+00:00","open_rate":1.0597,"close_rate":1.072429129129129,"fee_open":0.001,"fee_close":0.001,"trade_duration":10,"profit_ratio":0.00999000999000999,"profit_abs":3.263876,"exit_reason":"roi","initial_stop_loss_abs":1.0068,"initial_stop_loss_ratio":-0.05,"stop_loss_abs":1.0229,"stop_loss_ratio":-0.05,"min_rate":1.0575,"max_rate":1.0767,"is_open":false,"enter_tag":"","leverage":1.0,"is_short":false,"open_timestamp":1740950400000,"close_timestamp":1740951000000,"orders":[{"amount":308.0,"safe_price":1.0597,"ft_order_side":"buy","order_filled_timestamp":1740950400000,"ft_is_entry":true,"ft_order_tag":"","cost":326.7139876},{"amount":308.0,"safe_price":1.072429129129129,"ft_order_side":"sell","order_filled_timestamp":1740951000000,"ft_is_entry":false,"ft_order_tag":"roi","cost":330.6384799435435}]},{"pair":"ADA/USDT","stake_amount":327.43432,"max_stake_amount":327.43432,"amount":298.4,"open_date":"2025-03-02 23:05:00+00:00","close_date":"2025-03-02 23:20:00+00:00","open_rate":1.0973,"close_rate":1.1104807807807804,"fee_open":0.001,"fee_close":0.001,"trade_duration":15,"profit_ratio":0.00999000999000999,"profit_abs":3.2743432,"exit_reason":"roi","initial_stop_loss_abs":1.0425,"initial_stop_loss_ratio":-0.05,"stop_loss_abs":1.0588,"stop_loss_ratio":-0.05,"min_rate":1.0781,"max_rate":1.1145,"is_open":false,"enter_tag":"","leverage":1.0,"is_short":false,"open_timestamp":1740956700000,"close_timestamp":1740957600000,"orders":[{"amount":298.4,"safe_price":1.0973,"ft_order_side":"buy","order_filled_timestamp":1740956700000,"ft_is_entry":true,"ft_order_tag":"","cost":327.7617543199999},{"amount":298.4,"safe_price":1.1104807807807804,"ft_order_side":"sell","order_filled_timestamp":1740957600000,"ft_is_entry":false,"ft_order_tag":"roi","cost":331.6988324499698}]},{"pair":"ADA/USDT","stake_amount":328.4793,"max_stake_amount":328.4793,"amount":288.9,"open_date":"2025-03-02 23:55:00+00:00","close_date":"2025-03-03 00:00:00+00:00","open_rate":1.137,"close_rate":1.162039039039039,"fee_open":0.001,"fee_close":0.001,"trade_duration":5,"profit_ratio":0.01998001998001998,"profit_abs":6.569586,"exit_reason":"roi","initial_stop_loss_abs":1.0802,"initial_stop_loss_ratio":-0.05,"stop_loss_abs":1.116,"stop_loss_ratio":-0.05,"min_rate":1.0953,"max_rate":1.1747,"is_open":false,"enter_tag":"","leverage":1.0,"is_short":false,"open_timestamp":1740959700000,"close_timestamp":1740960000000,"orders":[{"amount":288.9,"safe_price":1.137,"ft_order_side":"buy","order_filled_timestamp":1740959700000,"ft_is_entry":true,"ft_order_tag":"","cost":328.80777929999994},{"amount":288.9,"safe_price":1.162039039039039,"ft_order_side":"sell","order_filled_timestamp":1740960000000,"ft_is_entry":false,"ft_order_tag":"roi","cost":336.04879145675665}]},{"pair":"ADA/USDT","stake_amount":330.68658,"max_stake_amount":330.68658,"amount":407.4,"open_date":"2025-03-04 05:05:00+00:00","close_date":"2025-03-04 05:05:00+00:00","open_rate":0.8117,"close_rate":0.8295752752752751,"fee_open":0.001,"fee_close":0.001,"trade_duration":0,"profit_ratio":0.01998001998001998,"profit_abs":6.6137316,"exit_reason":"roi","initial_stop_loss_abs":0.7712,"initial_stop_loss_ratio":-0.05,"stop_loss_abs":0.7922,"stop_loss_ratio":-0.05,"min_rate":0.8101,"max_rate":0.8338,"is_open":false,"enter_tag":"","leverage":1.0,"is_short":false,"open_timestamp":1741064700000,"close_timestamp":1741064700000,"orders":[{"amount":407.4,"safe_price":0.8117,"ft_order_side":"buy","order_filled_timestamp":1741064700000,"ft_is_entry":true,"ft_order_tag":"","cost":331.01726657999995},{"amount":407.4,"safe_price":0.8295752752752751,"ft_order_side":"sell","order_filled_timestamp":1741064700000,"ft_is_entry":false,"ft_order_tag":"roi","cost":338.30693611429416}]},{"pair":"ADA/USDT","stake_amount":332.85357,"max_stake_amount":332.85357,"amount":375.3,"open_date":"2025-03-04 14:40:00+00:00","close_date":"2025-03-04 14:40:00+00:00","open_rate":0.8869,"close_rate":0.8426,"fee_open":0.001,"fee_close":0.001,"trade_duration":0,"profit_ratio":-0.051847464746325955,"profit_abs":-17.27487135,"exit_reason":"stop_loss","initial_stop_loss_abs":0.8426,"initial_stop_loss_ratio":-0.05,"stop_loss_abs":0.8426,"stop_loss_ratio":-0.05,"min_rate":0.8395,"max_rate":0.89,"is_open":false,"enter_tag":"","leverage":1.0,"is_short":false,"open_timestamp":1741099200000,"close_timestamp":1741099200000,"orders":[{"amount":375.3,"safe_price":0.8869,"ft_order_side":"buy","order_filled_timestamp":1741099200000,"ft_is_entry":true,"ft_order_tag":"","cost":333.18642356999993},{"amount":375.3,"safe_price":0.8426,"ft_order_side":"sell","order_filled_timestamp":1741099200000,"ft_is_entry":false,"ft_order_tag":"stop_loss","cost":316.54400777999996}]},{"pair":"ADA/USDT","stake_amount":327.17858,"max_stake_amount":327.17858,"amount":359.3,"open_date":"2025-03-04 17:30:00+00:00","close_date":"2025-03-04 17:35:00+00:00","open_rate":0.9106,"close_rate":0.9306532532532531,"fee_open":0.001,"fee_close":0.001,"trade_duration":5,"profit_ratio":0.01998001998001998,"profit_abs":6.5435716,"exit_reason":"roi","initial_stop_loss_abs":0.8651,"initial_stop_loss_ratio":-0.05,"stop_loss_abs":0.9025,"stop_loss_ratio":-0.05,"min_rate":0.9054,"max_rate":0.95,"is_open":false,"enter_tag":"","leverage":1.0,"is_short":false,"open_timestamp":1741109400000,"close_timestamp":1741109700000,"orders":[{"amount":359.3,"safe_price":0.9106,"ft_order_side":"buy","order_filled_timestamp":1741109400000,"ft_is_entry":true,"ft_order_tag":"","cost":327.50575857999996},{"amount":359.3,"safe_price":0.9306532532532531,"ft_order_side":"sell","order_filled_timestamp":1741109700000,"ft_is_entry":false,"ft_order_tag":"roi","cost":334.71809760778774}]},{"pair":"ADA/USDT","stake_amount":329.29614,"max_stake_amount":329.29614,"amount":344.2,"open_date":"2025-03-05 00:10:00+00:00","close_date":"2025-03-05 00:20:00+00:00","open_rate":0.9567,"close_rate":0.9366,"fee_open":0.001,"fee_close":0.001,"trade_duration":10,"profit_ratio":-0.02296574544928261,"profit_abs":-7.57009386,"exit_reason":"exit_signal","initial_stop_loss_abs":0.9089,"initial_stop_loss_ratio":-0.05,"stop_loss_abs":0.924,"stop_loss_ratio":-0.05,"min_rate":0.9262,"max_rate":0.9726,"is_open":false,"enter_tag":"","leverage":1.0,"is_short":false,"open_timestamp":1741133400000,"close_timestamp":1741134000000,"orders":[{"amount":344.2,"safe_price":0.9567,"ft_order_side":"buy","order_filled_timestamp":1741133400000,"ft_is_entry":true,"ft_order_tag":"","cost":329.6254361399999},{"amount":344.2,"safe_price":0.9366,"ft_order_side":"sell","order_filled_timestamp":1741134000000,"ft_is_entry":false,"ft_order_tag":"exit_signal","cost":322.70009772}]},{"pair":"ADA/USDT","stake_amount":326.80564,"max_stake_amount":326.80564,"amount":337.4,"open_date":"2025-03-05 02:25:00+00:00","close_date":"2025-03-05 02:50:00+00:00","open_rate":0.9686,"close_rate":0.9802348348348346,"fee_open":0.001,"fee_close":0.001,"trade_duration":25,"profit_ratio":0.00999000999000999,"profit_abs":3.2680564,"exit_reason":"roi","initial_stop_loss_abs":0.9202,"initial_stop_loss_ratio":-0.05,"stop_loss_abs":0.9348,"stop_loss_ratio":-0.05,"min_rate":0.9571,"max_rate":0.984,"is_open":false,"enter_tag":"","leverage":1.0,"is_short":false,"open_timestamp":1741141500000,"close_timestamp":1741143000000,"orders":[{"amount":337.4,"safe_price":0.9686,"ft_order_side":"buy","order_filled_timestamp":1741141500000,"ft_is_entry":true,"ft_order_tag":"","cost":327.13244563999996},{"amount":337.4,"safe_price":0.9802348348348346,"ft_order_side":"sell","order_filled_timestamp":1741143000000,"ft_is_entry":false,"ft_order_tag":"roi","cost":331.0619645065464}]}],"locks":[],"best_pair":{"key":"ETH/USDT","trades":2,"profit_mean":0.00999000999000999,"profit_mean_pct":1.0,"profit_sum":0.01998001998001998,"profit_sum_pct":2.0,"profit_total_abs":6.48344676,"profit_total":0.00648344676,"profit_total_pct":0.65,"duration_avg":"0:28:00","wins":1,"draws":1,"losses":0,"winrate":0.5,"cagr":0.026857935436155334,"expectancy":3.24172338,"expectancy_ratio":100.0,"sortino":-100,"sharpe":0.42932523987736626,"calmar":-100,"sqn":1.0,"profit_factor":0.0,"max_drawdown_account":0.0,"max_drawdown_abs":0.0},"worst_pair":{"key":"ADA/USDT","trades":12,"profit_mean":-0.0031401898495167888,"profit_mean_pct":-0.31,"profit_sum":-0.03768227819420147,"profit_sum_pct":-3.77,"profit_total_abs":-12.72844649,"profit_total":-0.01272844649,"profit_total_pct":-1.27,"duration_avg":"0:12:00","wins":8,"draws":0,"losses":4,"winrate":0.6666666666666666,"cagr":-0.05117983413609162,"expectancy":-1.0607038741666668,"expectancy_ratio":-0.0913775284169247,"sortino":-0.6362494431479642,"sharpe":-0.3405086997692334,"calmar":-13.233020860012502,"sqn":-0.4384,"profit_factor":0.7258674147492259,"max_drawdown_account":0.020647754584512564,"max_drawdown_abs":20.71587628},"results_per_pair":[{"key":"ETH/USDT","trades":2,"profit_mean":0.00999000999000999,"profit_mean_pct":1.0,"profit_sum":0.01998001998001998,"profit_sum_pct":2.0,"profit_total_abs":6.48344676,"profit_total":0.00648344676,"profit_total_pct":0.65,"duration_avg":"0:28:00","wins":1,"draws":1,"losses":0,"winrate":0.5,"cagr":0.026857935436155334,"expectancy":3.24172338,"expectancy_ratio":100.0,"sortino":-100,"sharpe":0.42932523987736626,"calmar":-100,"sqn":1.0,"profit_factor":0.0,"max_drawdown_account":0.0,"max_drawdown_abs":0.0},{"key":"BTC/USDT","trades":0,"profit_mean":0.0,"profit_mean_pct":0.0,"profit_sum":0.0,"profit_sum_pct":0.0,"profit_total_abs":0.0,"profit_total":0.0,"profit_total_pct":0.0,"duration_avg":"0:00","wins":0,"draws":0,"losses":0,"winrate":0.0,"cagr":0.0,"expectancy":0.0,"expectancy_ratio":100.0,"sortino":0,"sharpe":0,"calmar":0,"sqn":0.0,"profit_factor":0.0,"max_drawdown_account":0.0,"max_drawdown_abs":0.0},{"key":"ADA/USDT","trades":12,"profit_mean":-0.0031401898495167888,"profit_mean_pct":-0.31,"profit_sum":-0.03768227819420147,"profit_sum_pct":-3.77,"profit_total_abs":-12.72844649,"profit_total":-0.01272844649,"profit_total_pct":-1.27,"duration_avg":"0:12:00","wins":8,"draws":0,"losses":4,"winrate":0.6666666666666666,"cagr":-0.05117983413609162,"expectancy":-1.0607038741666668,"expectancy_ratio":-0.0913775284169247,"sortino":-0.6362494431479642,"sharpe":-0.3405086997692334,"calmar":-13.233020860012502,"sqn":-0.4384,"profit_factor":0.7258674147492259,"max_drawdown_account":0.020647754584512564,"max_drawdown_abs":20.71587628},{"key":"TOTAL","trades":14,"profit_mean":-0.0012644470152986774,"profit_mean_pct":-0.13,"profit_sum":-0.017702258214181484,"profit_sum_pct":-1.77,"profit_total_abs":-6.244999730000001,"profit_total":-0.006244999730000001,"profit_total_pct":-0.62,"duration_avg":"0:14:00","wins":9,"draws":1,"losses":4,"winrate":0.6428571428571429,"cagr":-0.025364595691887093,"expectancy":-0.4460714092857141,"expectancy_ratio":-0.10985673584911382,"sortino":-0.3121651651514062,"sharpe":-0.1745893938943293,"calmar":-6.492560719235302,"sqn":-0.2095,"profit_factor":0.8655014245281015,"max_drawdown_account":0.020647754584512564,"max_drawdown_abs":20.71587628}],"results_per_enter_tag":[{"key":"","trades":14,"profit_mean":-0.0012644470152986774,"profit_mean_pct":-0.13,"profit_sum":-0.017702258214181484,"profit_sum_pct":-1.77,"profit_total_abs":-6.244999730000001,"profit_total":-0.006244999730000001,"profit_total_pct":-0.62,"duration_avg":"0:14:00","wins":9,"draws":1,"losses":4,"winrate":0.6428571428571429,"cagr":-0.025364595691887093,"expectancy":-0.4460714092857141,"expectancy_ratio":-0.10985673584911382,"sortino":-0.3121651651514062,"sharpe":-0.1745893938943293,"calmar":-6.492560719235302,"sqn":-0.2095,"profit_factor":0.8655014245281015,"max_drawdown_account":0.020647754584512564,"max_drawdown_abs":20.71587628},{"key":"TOTAL","trades":14,"profit_mean":-0.0012644470152986774,"profit_mean_pct":-0.13,"profit_sum":-0.017702258214181484,"profit_sum_pct":-1.77,"profit_total_abs":-6.244999730000001,"profit_total":-0.006244999730000001,"profit_total_pct":-0.62,"duration_avg":"0:14:00","wins":9,"draws":1,"losses":4,"winrate":0.6428571428571429,"cagr":-0.025364595691887093,"expectancy":-0.4460714092857141,"expectancy_ratio":-0.10985673584911382,"sortino":-0.3121651651514062,"sharpe":-0.1745893938943293,"calmar":-6.492560719235302,"sqn":-0.2095,"profit_factor":0.8655014245281015,"max_drawdown_account":0.020647754584512564,"max_drawdown_abs":20.71587628}],"exit_reason_summary":[{"key":"roi","trades":9,"profit_mean":0.01332001332001332,"profit_mean_pct":1.33,"profit_sum":0.11988011988011987,"profit_sum_pct":11.99,"profit_total_abs":39.31584176,"profit_total":0.03931584176,"profit_total_pct":3.93,"duration_avg":"0:14:00","wins":8,"draws":1,"losses":0,"winrate":0.8888888888888888,"cagr":0.1713421204936234,"expectancy":4.368426862222222,"expectancy_ratio":100.0,"sortino":-100,"sharpe":3.8635598040695287,"calmar":-100,"sqn":5.6563,"profit_factor":0.0,"max_drawdown_account":0.0,"max_drawdown_abs":0.0},{"key":"exit_signal","trades":3,"profit_mean":-0.014143540102249321,"profit_mean_pct":-1.41,"profit_sum":-0.04243062030674796,"profit_sum_pct":-4.24,"profit_total_abs":-14.02684822,"profit_total":-0.01402684822,"profit_total_pct":-1.4,"duration_avg":"0:22:00","wins":1,"draws":0,"losses":2,"winrate":0.3333333333333333,"cagr":-0.056286924262524574,"expectancy":-4.675616073333333,"expectancy_ratio":-0.6276953856281169,"sortino":-24.83695951470547,"sharpe":-0.7674938801617596,"calmar":-21.466261993868265,"sqn":-1.6854,"profit_factor":0.05845692155782468,"max_drawdown_account":0.014026848220000034,"max_drawdown_abs":14.02684822},{"key":"trailing_stop_loss","trades":1,"profit_mean":-0.04330429304122745,"profit_mean_pct":-4.33,"profit_sum":-0.04330429304122745,"profit_sum_pct":-4.33,"profit_total_abs":-14.25912192,"profit_total":-0.01425912192,"profit_total_pct":-1.43,"duration_avg":"0:05:00","wins":0,"draws":0,"losses":1,"winrate":0.0,"cagr":-0.057198345487267876,"expectancy":-14.25912192,"expectancy_ratio":-1.0,"sortino":-100,"sharpe":-100,"calmar":-21.466261993868336,"sqn":-100.0,"profit_factor":0.0,"max_drawdown_account":0.014259121919999984,"max_drawdown_abs":14.25912192},{"key":"stop_loss","trades":1,"profit_mean":-0.051847464746325955,"profit_mean_pct":-5.18,"profit_sum":-0.051847464746325955,"profit_sum_pct":-5.18,"profit_total_abs":-17.27487135,"profit_total":-0.017274871350000002,"profit_total_pct":-1.73,"duration_avg":"0:00:00","wins":0,"draws":0,"losses":1,"winrate":0.0,"cagr":-0.06897155920069376,"expectancy":-17.27487135,"expectancy_ratio":-1.0,"sortino":-100,"sharpe":-100,"calmar":-21.466261993868297,"sqn":-100.0,"profit_factor":0.0,"max_drawdown_account":0.017274871350000012,"max_drawdown_abs":17.27487135},{"key":"TOTAL","trades":14,"profit_mean":-0.0012644470152986774,"profit_mean_pct":-0.13,"profit_sum":-0.017702258214181484,"profit_sum_pct":-1.77,"profit_total_abs":-6.244999730000001,"profit_total":-0.006244999730000001,"profit_total_pct":-0.62,"duration_avg":"0:14:00","wins":9,"draws":1,"losses":4,"winrate":0.6428571428571429,"cagr":-0.025364595691887093,"expectancy":-0.4460714092857141,"expectancy_ratio":-0.10985673584911382,"sortino":-0.3121651651514062,"sharpe":-0.1745893938943293,"calmar":-6.492560719235302,"sqn":-0.2095,"profit_factor":0.8655014245281015,"max_drawdown_account":0.020647754584512564,"max_drawdown_abs":20.71587628}],"mix_tag_stats":[{"key":["","roi"],"trades":9,"profit_mean":0.01332001332001332,"profit_mean_pct":1.33,"profit_sum":0.11988011988011987,"profit_sum_pct":11.99,"profit_total_abs":39.31584176,"profit_total":0.03931584176,"profit_total_pct":3.93,"duration_avg":"0:14:00","wins":8,"draws":1,"losses":0,"winrate":0.8888888888888888,"cagr":0.1713421204936234,"expectancy":4.368426862222222,"expectancy_ratio":100.0,"sortino":-100,"sharpe":3.8635598040695287,"calmar":-100,"sqn":5.6563,"profit_factor":0.0,"max_drawdown_account":0.0,"max_drawdown_abs":0.0},{"key":["","exit_signal"],"trades":3,"profit_mean":-0.014143540102249321,"profit_mean_pct":-1.41,"profit_sum":-0.04243062030674796,"profit_sum_pct":-4.24,"profit_total_abs":-14.02684822,"profit_total":-0.01402684822,"profit_total_pct":-1.4,"duration_avg":"0:22:00","wins":1,"draws":0,"losses":2,"winrate":0.3333333333333333,"cagr":-0.056286924262524574,"expectancy":-4.675616073333333,"expectancy_ratio":-0.6276953856281169,"sortino":-24.83695951470547,"sharpe":-0.7674938801617596,"calmar":-21.466261993868265,"sqn":-1.6854,"profit_factor":0.05845692155782468,"max_drawdown_account":0.014026848220000034,"max_drawdown_abs":14.02684822},{"key":["","trailing_stop_loss"],"trades":1,"profit_mean":-0.04330429304122745,"profit_mean_pct":-4.33,"profit_sum":-0.04330429304122745,"profit_sum_pct":-4.33,"profit_total_abs":-14.25912192,"profit_total":-0.01425912192,"profit_total_pct":-1.43,"duration_avg":"0:05:00","wins":0,"draws":0,"losses":1,"winrate":0.0,"cagr":-0.057198345487267876,"expectancy":-14.25912192,"expectancy_ratio":-1.0,"sortino":-100,"sharpe":-100,"calmar":-21.466261993868336,"sqn":-100.0,"profit_factor":0.0,"max_drawdown_account":0.014259121919999984,"max_drawdown_abs":14.25912192},{"key":["","stop_loss"],"trades":1,"profit_mean":-0.051847464746325955,"profit_mean_pct":-5.18,"profit_sum":-0.051847464746325955,"profit_sum_pct":-5.18,"profit_total_abs":-17.27487135,"profit_total":-0.017274871350000002,"profit_total_pct":-1.73,"duration_avg":"0:00:00","wins":0,"draws":0,"losses":1,"winrate":0.0,"cagr":-0.06897155920069376,"expectancy":-17.27487135,"expectancy_ratio":-1.0,"sortino":-100,"sharpe":-100,"calmar":-21.466261993868297,"sqn":-100.0,"profit_factor":0.0,"max_drawdown_account":0.017274871350000012,"max_drawdown_abs":17.27487135},{"key":"TOTAL","trades":14,"profit_mean":-0.0012644470152986774,"profit_mean_pct":-0.13,"profit_sum":-0.017702258214181484,"profit_sum_pct":-1.77,"profit_total_abs":-6.244999730000001,"profit_total":-0.006244999730000001,"profit_total_pct":-0.62,"duration_avg":"0:14:00","wins":9,"draws":1,"losses":4,"winrate":0.6428571428571429,"cagr":-0.025364595691887093,"expectancy":-0.4460714092857141,"expectancy_ratio":-0.10985673584911382,"sortino":-0.3121651651514062,"sharpe":-0.1745893938943293,"calmar":-6.492560719235302,"sqn":-0.2095,"profit_factor":0.8655014245281015,"max_drawdown_account":0.020647754584512564,"max_drawdown_abs":20.71587628}],"left_open_trades":[{"key":"TOTAL","trades":0,"profit_mean":0.0,"profit_mean_pct":0.0,"profit_sum":0.0,"profit_sum_pct":0.0,"profit_total_abs":0.0,"profit_total":0.0,"profit_total_pct":0.0,"duration_avg":"0:00","wins":0,"draws":0,"losses":0,"winrate":0.0,"cagr":0.0,"expectancy":0.0,"expectancy_ratio":100.0,"sortino":0,"sharpe":0,"calmar":0,"sqn":0.0,"profit_factor":0.0,"max_drawdown_account":0.0,"max_drawdown_abs":0.0}],"total_trades":14,"trade_count_long":14,"trade_count_short":0,"total_volume":9208.320683393662,"avg_stake_amount":328.4345514285714,"profit_mean":-0.0012644470152986774,"profit_median":0.00999000999000999,"profit_total":-0.006244999730000001,"profit_total_long":-0.006244999730000001,"profit_total_short":0.0,"profit_total_abs":-6.244999730000001,"profit_total_long_abs":-6.244999730000001,"profit_total_short_abs":0.0,"cagr":-0.025364595691887093,"expectancy":-0.4460714092857141,"expectancy_ratio":-0.10985673584911382,"sortino":-0.3121651651514062,"sharpe":-0.1745893938943293,"calmar":-6.492560719235302,"sqn":-0.2095,"profit_factor":0.8655014245281015,"backtest_start":"2025-01-01 04:10:00","backtest_start_ts":1735704600000,"backtest_end":"2025-03-31 23:55:00","backtest_end_ts":1743465300000,"backtest_days":89,"backtest_run_start_ts":1746551846,"backtest_run_end_ts":1746551846,"trades_per_day":0.16,"market_change":-0.2663352793410046,"pairlist":["BTC/USDT","ETH/USDT","ADA/USDT"],"stake_amount":"unlimited","stake_currency":"USDT","stake_currency_decimals":3,"starting_balance":1000,"dry_run_wallet":1000,"final_balance":993.75500027,"rejected_signals":0,"timedout_entry_orders":0,"timedout_exit_orders":0,"canceled_trade_entries":0,"canceled_entry_orders":0,"replaced_entry_orders":0,"max_open_trades":3,"max_open_trades_setting":3,"timeframe":"5m","timeframe_detail":"","timerange":"20250101-20250401","enable_protections":false,"strategy_name":"HybridAlligatorATRStrategy","stoploss":-0.05,"trailing_stop":true,"trailing_stop_positive":0.03,"trailing_stop_positive_offset":0.05,"trailing_only_offset_is_reached":false,"use_custom_stoploss":true,"minimal_roi":{"0":0.02,"10":0.01,"30":0},"use_exit_signal":true,"exit_profit_only":false,"exit_profit_offset":0.0,"ignore_roi_if_entry_signal":false,"trading_mode":"spot","margin_mode":"","periodic_breakdown":{"day":[{"date":"16/01/2025","date_ts":1736985600000,"profit_abs":3.2992302,"wins":1,"draws":0,"losses":0,"trades":1,"profit_factor":0.0},{"date":"17/01/2025","date_ts":1737072000000,"profit_abs":0.0,"wins":0,"draws":0,"losses":0,"trades":0,"profit_factor":0.0},{"date":"18/01/2025","date_ts":1737158400000,"profit_abs":0.0,"wins":0,"draws":0,"losses":0,"trades":0,"profit_factor":0.0},{"date":"19/01/2025","date_ts":1737244800000,"profit_abs":0.0,"wins":0,"draws":0,"losses":0,"trades":0,"profit_factor":0.0},{"date":"20/01/2025","date_ts":1737331200000,"profit_abs":0.0,"wins":0,"draws":0,"losses":0,"trades":0,"profit_factor":0.0},{"date":"21/01/2025","date_ts":1737417600000,"profit_abs":0.0,"wins":0,"draws":0,"losses":0,"trades":0,"profit_factor":0.0},{"date":"22/01/2025","date_ts":1737504000000,"profit_abs":0.0,"wins":0,"draws":0,"losses":0,"trades":0,"profit_factor":0.0},{"date":"23/01/2025","date_ts":1737590400000,"profit_abs":0.0,"wins":0,"draws":0,"losses":0,"trades":0,"profit_factor":0.0},{"date":"24/01/2025","date_ts":1737676800000,"profit_abs":0.0,"wins":0,"draws":0,"losses":0,"trades":0,"profit_factor":0.0},{"date":"25/01/2025","date_ts":1737763200000,"profit_abs":0.0,"wins":0,"draws":0,"losses":0,"trades":0,"profit_factor":0.0},{"date":"26/01/2025","date_ts":1737849600000,"profit_abs":0.0,"wins":0,"draws":0,"losses":0,"trades":0,"profit_factor":0.0},{"date":"27/01/2025","date_ts":1737936000000,"profit_abs":0.0,"wins":0,"draws":0,"losses":0,"trades":0,"profit_factor":0.0},{"date":"28/01/2025","date_ts":1738022400000,"profit_abs":0.0,"wins":0,"draws":0,"losses":0,"trades":0,"profit_factor":0.0},{"date":"29/01/2025","date_ts":1738108800000,"profit_abs":0.0,"wins":0,"draws":0,"losses":0,"trades":0,"profit_factor":0.0},{"date":"30/01/2025","date_ts":1738195200000,"profit_abs":0.0,"wins":0,"draws":0,"losses":0,"trades":0,"profit_factor":0.0},{"date":"31/01/2025","date_ts":1738281600000,"profit_abs":0.0,"wins":0,"draws":0,"losses":0,"trades":0,"profit_factor":0.0},{"date":"01/02/2025","date_ts":1738368000000,"profit_abs":0.0,"wins":0,"draws":0,"losses":0,"trades":0,"profit_factor":0.0},{"date":"02/02/2025","date_ts":1738454400000,"profit_abs":0.0,"wins":0,"draws":0,"losses":0,"trades":0,"profit_factor":0.0},{"date":"03/02/2025","date_ts":1738540800000,"profit_abs":-6.45675436,"wins":1,"draws":0,"losses":1,"trades":2,"profit_factor":0.11884813},{"date":"04/02/2025","date_ts":1738627200000,"profit_abs":0.0,"wins":0,"draws":0,"losses":0,"trades":0,"profit_factor":0.0},{"date":"05/02/2025","date_ts":1738713600000,"profit_abs":0.0,"wins":0,"draws":0,"losses":0,"trades":0,"profit_factor":0.0},{"date":"06/02/2025","date_ts":1738800000000,"profit_abs":0.0,"wins":0,"draws":0,"losses":0,"trades":0,"profit_factor":0.0},{"date":"07/02/2025","date_ts":1738886400000,"profit_abs":0.0,"wins":0,"draws":0,"losses":0,"trades":0,"profit_factor":0.0},{"date":"08/02/2025","date_ts":1738972800000,"profit_abs":0.0,"wins":0,"draws":0,"losses":0,"trades":0,"profit_factor":0.0},{"date":"09/02/2025","date_ts":1739059200000,"profit_abs":0.0,"wins":0,"draws":0,"losses":0,"trades":0,"profit_factor":0.0},{"date":"10/02/2025","date_ts":1739145600000,"profit_abs":0.0,"wins":0,"draws":0,"losses":0,"trades":0,"profit_factor":0.0},{"date":"11/02/2025","date_ts":1739232000000,"profit_abs":0.0,"wins":0,"draws":0,"losses":0,"trades":0,"profit_factor":0.0},{"date":"12/02/2025","date_ts":1739318400000,"profit_abs":0.0,"wins":0,"draws":0,"losses":0,"trades":0,"profit_factor":0.0},{"date":"13/02/2025","date_ts":1739404800000,"profit_abs":0.0,"wins":0,"draws":0,"losses":0,"trades":0,"profit_factor":0.0},{"date":"14/02/2025","date_ts":1739491200000,"profit_abs":0.0,"wins":0,"draws":0,"losses":0,"trades":0,"profit_factor":0.0},{"date":"15/02/2025","date_ts":1739577600000,"profit_abs":0.0,"wins":0,"draws":0,"losses":0,"trades":0,"profit_factor":0.0},{"date":"16/02/2025","date_ts":1739664000000,"profit_abs":0.0,"wins":0,"draws":0,"losses":0,"trades":0,"profit_factor":0.0},{"date":"17/02/2025","date_ts":1739750400000,"profit_abs":0.0,"wins":0,"draws":0,"losses":0,"trades":0,"profit_factor":0.0},{"date":"18/02/2025","date_ts":1739836800000,"profit_abs":0.0,"wins":0,"draws":0,"losses":0,"trades":0,"profit_factor":0.0},{"date":"19/02/2025","date_ts":1739923200000,"profit_abs":0.0,"wins":0,"draws":0,"losses":0,"trades":0,"profit_factor":0.0},{"date":"20/02/2025","date_ts":1740009600000,"profit_abs":0.0,"wins":0,"draws":0,"losses":0,"trades":0,"profit_factor":0.0},{"date":"21/02/2025","date_ts":1740096000000,"profit_abs":0.0,"wins":0,"draws":0,"losses":0,"trades":0,"profit_factor":0.0},{"date":"22/02/2025","date_ts":1740182400000,"profit_abs":0.0,"wins":0,"draws":0,"losses":0,"trades":0,"profit_factor":0.0},{"date":"23/02/2025","date_ts":1740268800000,"profit_abs":0.0,"wins":0,"draws":0,"losses":0,"trades":0,"profit_factor":0.0},{"date":"24/02/2025","date_ts":1740355200000,"profit_abs":0.0,"wins":0,"draws":0,"losses":0,"trades":0,"profit_factor":0.0},{"date":"25/02/2025","date_ts":1740441600000,"profit_abs":0.0,"wins":0,"draws":0,"losses":0,"trades":0,"profit_factor":0.0},{"date":"26/02/2025","date_ts":1740528000000,"profit_abs":0.0,"wins":0,"draws":0,"losses":0,"trades":0,"profit_factor":0.0},{"date":"27/02/2025","date_ts":1740614400000,"profit_abs":0.0,"wins":0,"draws":0,"losses":0,"trades":0,"profit_factor":0.0},{"date":"28/02/2025","date_ts":1740700800000,"profit_abs":0.0,"wins":0,"draws":0,"losses":0,"trades":0,"profit_factor":0.0},{"date":"01/03/2025","date_ts":1740787200000,"profit_abs":0.0,"wins":0,"draws":0,"losses":0,"trades":0,"profit_factor":0.0},{"date":"02/03/2025","date_ts":1740873600000,"profit_abs":-1.23745596,"wins":3,"draws":1,"losses":1,"trades":5,"profit_factor":0.91321654},{"date":"03/03/2025","date_ts":1740960000000,"profit_abs":6.569586,"wins":1,"draws":0,"losses":0,"trades":1,"profit_factor":0.0},{"date":"04/03/2025","date_ts":1741046400000,"profit_abs":-4.11756815,"wins":2,"draws":0,"losses":1,"trades":3,"profit_factor":0.76164406},{"date":"05/03/2025","date_ts":1741132800000,"profit_abs":-4.30203746,"wins":1,"draws":0,"losses":1,"trades":2,"profit_factor":0.43170619}],"week":[{"date":"20/01/2025","date_ts":1737331200000,"profit_abs":3.2992302,"wins":1,"draws":0,"losses":0,"trades":1,"profit_factor":0.0},{"date":"27/01/2025","date_ts":1737936000000,"profit_abs":0.0,"wins":0,"draws":0,"losses":0,"trades":0,"profit_factor":0.0},{"date":"03/02/2025","date_ts":1738540800000,"profit_abs":-6.45675436,"wins":1,"draws":0,"losses":1,"trades":2,"profit_factor":0.11884813},{"date":"10/02/2025","date_ts":1739145600000,"profit_abs":0.0,"wins":0,"draws":0,"losses":0,"trades":0,"profit_factor":0.0},{"date":"17/02/2025","date_ts":1739750400000,"profit_abs":0.0,"wins":0,"draws":0,"losses":0,"trades":0,"profit_factor":0.0},{"date":"24/02/2025","date_ts":1740355200000,"profit_abs":0.0,"wins":0,"draws":0,"losses":0,"trades":0,"profit_factor":0.0},{"date":"03/03/2025","date_ts":1740960000000,"profit_abs":5.33213004,"wins":4,"draws":1,"losses":1,"trades":6,"profit_factor":1.37394519},{"date":"10/03/2025","date_ts":1741564800000,"profit_abs":-8.41960561,"wins":3,"draws":0,"losses":2,"trades":5,"profit_factor":0.66111421}],"month":[{"date":"31/01/2025","date_ts":1738281600000,"profit_abs":3.2992302,"wins":1,"draws":0,"losses":0,"trades":1,"profit_factor":0.0},{"date":"28/02/2025","date_ts":1740700800000,"profit_abs":-6.45675436,"wins":1,"draws":0,"losses":1,"trades":2,"profit_factor":0.11884813},{"date":"31/03/2025","date_ts":1743379200000,"profit_abs":-3.08747557,"wins":7,"draws":1,"losses":3,"trades":11,"profit_factor":0.92104468}],"year":[{"date":"31/12/2025","date_ts":1767139200000,"profit_abs":-6.24499973,"wins":9,"draws":1,"losses":4,"trades":14,"profit_factor":0.86550142}]},"backtest_best_day":0.01998001998001998,"backtest_worst_day":-0.01946487485746535,"backtest_best_day_abs":6.569586,"backtest_worst_day_abs":-6.45675436,"winning_days":2,"draw_days":43,"losing_days":4,"daily_profit":[["2025-01-16",3.2992302],["2025-01-17",0.0],["2025-01-18",0.0],["2025-01-19",0.0],["2025-01-20",0.0],["2025-01-21",0.0],["2025-01-22",0.0],["2025-01-23",0.0],["2025-01-24",0.0],["2025-01-25",0.0],["2025-01-26",0.0],["2025-01-27",0.0],["2025-01-28",0.0],["2025-01-29",0.0],["2025-01-30",0.0],["2025-01-31",0.0],["2025-02-01",0.0],["2025-02-02",0.0],["2025-02-03",-6.45675436],["2025-02-04",0.0],["2025-02-05",0.0],["2025-02-06",0.0],["2025-02-07",0.0],["2025-02-08",0.0],["2025-02-09",0.0],["2025-02-10",0.0],["2025-02-11",0.0],["2025-02-12",0.0],["2025-02-13",0.0],["2025-02-14",0.0],["2025-02-15",0.0],["2025-02-16",0.0],["2025-02-17",0.0],["2025-02-18",0.0],["2025-02-19",0.0],["2025-02-20",0.0],["2025-02-21",0.0],["2025-02-22",0.0],["2025-02-23",0.0],["2025-02-24",0.0],["2025-02-25",0.0],["2025-02-26",0.0],["2025-02-27",0.0],["2025-02-28",0.0],["2025-03-01",0.0],["2025-03-02",-1.23745596],["2025-03-03",6.569586],["2025-03-04",-4.11756815],["2025-03-05",-4.30203746]],"wins":9,"losses":4,"draws":1,"winrate":0.6428571428571429,"holding_avg":"0:14:00","holding_avg_s":840.0,"winner_holding_avg":"0:09:00","winner_holding_avg_s":540.0,"loser_holding_avg":"0:16:00","loser_holding_avg_s":960.0,"max_consecutive_wins":4,"max_consecutive_losses":1,"max_drawdown_account":0.020647754584512564,"max_relative_drawdown":0.020647754584512564,"max_drawdown_abs":20.71587628,"drawdown_start":"2025-01-16 16:25:00","drawdown_start_ts":1737044700000.0,"drawdown_end":"2025-03-02 15:45:00","drawdown_end_ts":1740930300000.0,"max_drawdown_low":-17.41664608,"max_drawdown_high":3.2992302,"csum_min":982.58335392,"csum_max":1008.78833748}},"strategy_comparison":[{"key":"HybridAlligatorATRStrategy","trades":14,"profit_mean":-0.0012644470152986774,"profit_mean_pct":-0.13,"profit_sum":-0.017702258214181484,"profit_sum_pct":-1.77,"profit_total_abs":-6.244999730000001,"profit_total":-0.006244999730000001,"profit_total_pct":-0.62,"duration_avg":"0:14:00","wins":9,"draws":1,"losses":4,"winrate":0.6428571428571429,"cagr":-0.025364595691887093,"expectancy":-0.4460714092857141,"expectancy_ratio":-0.10985673584911382,"sortino":-0.3121651651514062,"sharpe":-0.1745893938943293,"calmar":-6.492560719235302,"sqn":-0.2095,"profit_factor":0.8655014245281015,"max_drawdown_account":0.020647754584512564,"max_drawdown_abs":"20.716"}]}