{
  "strategy_name": "HybridAlligatorATRRelaxedStrategy",
  "params": {
    "trailing": {
      "trailing_stop": false,
      "trailing_stop_positive": null,
      "trailing_stop_positive_offset": 0.0,
      "trailing_only_offset_is_reached": false
    },
    "max_open_trades": {
      "max_open_trades": 3
    },
    "buy": {
      "atr_period": 7,
      "donchian_period": 31,
      "ema_fast_period": 21,
      "ema_slow_period": 21,
      "high_lookback": 6,
      "rsi_period": 8,
      "rsi_threshold": 52,
      "supertrend_atr_multiplier": 2.3134139235696,
      "supertrend_atr_period": 9,
      "vol_multiplier": 1.9033193794969,
      "volat_threshold": 0.013358258749
    },
    "sell": {
      "exit_fast_ema": 15,
      "exit_slow_ema": 29,
      "sl_atr_multiplier": 2.2654469677957
    },
    "protection": {},
    "roi": {
      "0": 0.197,
      "30": 0.059,
      "75": 0.027,
      "160": 0
    },
    "stoploss": {
      "stoploss": -0.341
    }
  },
  "ft_stratparam_v": 1,
  "export_time": "2025-06-25 05:30:55.111100+00:00"
}