{
  "strategy_name": "HybridAlligatorATRRelaxedStrategy",
  "params": {
    "trailing": {
      "trailing_stop": false,
      "trailing_stop_positive": null,
      "trailing_stop_positive_offset": 0.0,
      "trailing_only_offset_is_reached": false
    },
    "max_open_trades": {
      "max_open_trades": 3
    },
    "buy": {
      "atr_period": 18,
      "donchian_period": 32,
      "ema_fast_period": 24,
      "ema_slow_period": 98,
      "high_lookback": 5,
      "rsi_period": 12,
      "rsi_threshold": 56,
      "supertrend_atr_multiplier": 4.7043412904278,
      "supertrend_atr_period": 10,
      "trend_ema_fast_period": 19,
      "trend_ema_slow_period": 25,
      "trend_vol_ma_period": 27,
      "vol_multiplier": 2.5347227807317,
      "volat_threshold": 0.0440273713319
    },
    "sell": {
      "exit_fast_ema": 10,
      "exit_slow_ema": 22,
      "sl_atr_multiplier": 2.5504823994635
    },
    "protection": {},
    "roi": {
      "0": 0.086,
      "31": 0.052,
      "83": 0.022,
      "178": 0
    },
    "stoploss": {
      "stoploss": -0.341
    }
  },
  "ft_stratparam_v": 1,
  "export_time": "2025-06-25 07:47:24.773532+00:00"
}